time_s,parcel_height_m,kid_nearest_height_m,height_difference_m,w_m_s,temperature_K,pressure_mb,qv_kg_kg,RH_percent,cloud_mass_kg_kg,rain_mass_kg_kg
30.0,29.70270748467435,25.0,-4.702707484674349,0.3128689229488373,297.6651916503906,997.2430419921875,0.014959459193050861,75.5135269165039,0.0,0.0
60.0,43.69503367303347,50.0,6.304966326966529,0.6180340051651001,297.421142578125,994.3836669921875,0.014949706383049488,76.3832015991211,0.0,0.0
90.0,66.63244105645163,75.0,8.367558943548374,0.9079809784889221,297.1771240234375,991.5300903320312,0.014946150593459606,77.29654693603516,0.0,0.0
120.0,97.95013454025847,100.0,2.0498654597415253,1.1755704879760742,296.93310546875,988.682373046875,0.014951225370168686,78.26765441894531,0.0,0.0
150.0,136.87696857341695,125.0,-11.876968573416946,1.4142135381698608,296.6890563964844,985.8405151367188,0.014958169311285019,79.26255798339844,0.0,0.0
180.0,182.45443531127543,175.0,-7.454435311275432,1.6180340051651,296.2010192871094,980.1742553710938,0.01495575625449419,81.20716094970703,0.0,0.0
210.0,233.56026625980795,225.0,-8.560266259807946,1.7820130586624146,295.71295166015625,974.5313720703125,0.014955727383494377,83.219970703125,0.0,0.0
240.0,288.93606625053286,300.0,11.06393374946714,1.9021130800247192,294.9808654785156,966.110595703125,0.014939447864890099,86.25360107421875,0.0,0.0
270.0,347.2182993059351,350.0,2.7817006940649094,1.9753767251968384,294.4927978515625,960.5256958007812,0.01494657713919878,88.4533920288086,0.0,0.0
300.0,406.97186342054874,400.0,-6.971863420548743,2.0,294.0047302246094,954.9638671875,0.014953392557799816,90.71549987792969,0.0,0.0
330.0,466.72542753516234,475.0,8.27457246483766,1.9753767251968384,293.27264404296875,946.6643676757812,0.014940883964300156,94.0904541015625,0.0,2.635979212683992e-10
360.0,525.0076605905647,525.0,-0.007660590564682934,1.9021130800247192,292.7845764160156,941.1600341796875,0.014947531744837761,96.51769256591797,0.0,3.3376201802326477e-09
390.0,580.3834605812897,575.0,-5.3834605812896825,1.7820130586624146,292.2965393066406,935.6786499023438,0.014956950210034847,99.03504180908203,0.0,1.1703247260186345e-08
420.0,631.4892915298221,625.0,-6.48929152982214,1.6180340051651,291.8084716796875,930.2200927734375,0.014715071767568588,99.9211196899414,0.00023697066353634,9.229195541138324e-08
450.0,677.0667582676806,675.0,-2.066758267680598,1.4142135381698608,291.3204040527344,924.7843627929688,0.014346572570502758,99.91556549072266,0.0006007759948261082,1.3726032648264663e-06
480.0,715.9935923008392,725.0,9.006407699160832,1.1755704879760742,290.83233642578125,919.3712768554688,0.013986682519316673,99.91510009765625,0.0009437986882403493,9.142489034275059e-06
510.0,747.311285784646,750.0,2.6887142153540253,0.9079809784889221,290.64544677734375,916.6732788085938,0.013857504352927208,99.89212036132812,0.0010996885830536485,2.2251657355809584e-05
540.0,770.2486931680642,775.0,4.751306831935835,0.6180340051651001,290.5440979003906,913.98095703125,0.01380912959575653,99.8960952758789,0.0011162618175148964,4.156229260843247e-05
570.0,784.2410193564233,775.0,-9.241019356423294,0.3128689229488373,290.5440979003906,913.98095703125,0.013814776204526424,99.93694305419922,0.001109133125282824,6.378008401952684e-05
600.0,788.9437268410976,800.0,11.0562731589024,0.0,290.4424743652344,911.2942504882812,0.013771633617579937,99.9796142578125,0.001099497894756496,9.921984019456431e-05
630.0,788.9437268410976,800.0,11.0562731589024,0.0,290.4424743652344,911.2942504882812,0.013772016391158104,99.98239135742188,0.0010666854213923216,0.0001400339970132336
660.0,788.9437268410976,800.0,11.0562731589024,0.0,290.4424743652344,911.2942504882812,0.013772016391158104,99.98239135742188,0.0010258930269628763,0.00019001265172846615
690.0,788.9437268410976,800.0,11.0562731589024,0.0,290.4424743652344,911.2942504882812,0.013772016391158104,99.98239135742188,0.000976334442384541,0.0002467965823598206
720.0,788.9437268410976,800.0,11.0562731589024,0.0,290.4424743652344,911.2942504882812,0.013772016391158104,99.98239135742188,0.0009187353425659239,0.0003047162317670882
750.0,788.9437268410976,800.0,11.0562731589024,0.0,290.4424743652344,911.2942504882812,0.013772016391158104,99.98239135742188,0.0008555169915780425,0.0003555965085979551
780.0,788.9437268410976,800.0,11.0562731589024,0.0,290.4424743652344,911.2942504882812,0.013772016391158104,99.98239135742188,0.0007902354700490832,0.0003921364259440452
810.0,788.9437268410976,800.0,11.0562731589024,0.0,290.4424743652344,911.2942504882812,0.013772016391158104,99.98239135742188,0.0007264697924256325,0.0004110303707420826
840.0,788.9437268410976,800.0,11.0562731589024,0.0,290.4424743652344,911.2942504882812,0.013772016391158104,99.98239135742188,0.0006669950089417398,0.00041342800250276923
870.0,788.9437268410976,800.0,11.0562731589024,0.0,290.4424743652344,911.2942504882812,0.013772016391158104,99.98239135742188,0.000613366428297013,0.00040324675501324236
900.0,788.9437268410976,800.0,11.0562731589024,0.0,290.4424743652344,911.2942504882812,0.013772016391158104,99.98239135742188,0.0005661081522703171,0.00038500205846503377
930.0,788.9437268410976,800.0,11.0562731589024,0.0,290.4424743652344,911.2942504882812,0.013772016391158104,99.98239135742188,0.0005248684901744127,0.00036260890192352235
960.0,788.9437268410976,800.0,11.0562731589024,0.0,290.4424743652344,911.2942504882812,0.013772016391158104,99.98239135742188,0.0004890806740149856,0.00033873587381094694
990.0,788.9437268410976,800.0,11.0562731589024,0.0,290.4424743652344,911.2942504882812,0.013772016391158104,99.98239135742188,0.00045807333663105965,0.00031506235245615244
1020.0,788.9437268410976,800.0,11.0562731589024,0.0,290.4424743652344,911.2942504882812,0.013772016391158104,99.98239135742188,0.0004310682707000524,0.00029259826987981796
1050.0,788.9437268410976,800.0,11.0562731589024,0.0,290.4424743652344,911.2942504882812,0.013772016391158104,99.98239135742188,0.00040750394691713154,0.0002717583847697824
1080.0,788.9437268410976,800.0,11.0562731589024,0.0,290.4424743652344,911.2942504882812,0.013772016391158104,99.98239135742188,0.00038679715362377465,0.00025271420599892735
1110.0,788.9437268410976,800.0,11.0562731589024,0.0,290.4424743652344,911.2942504882812,0.013772016391158104,99.98239135742188,0.0003684682596940547,0.00023545608564745635
1140.0,788.9437268410976,800.0,11.0562731589024,0.0,290.4424743652344,911.2942504882812,0.013772016391158104,99.98239135742188,0.00035226024920120835,0.00021985472994856536
1170.0,788.9437268410976,800.0,11.0562731589024,0.0,290.4424743652344,911.2942504882812,0.013772016391158104,99.98239135742188,0.0003377337125129998,0.00020579670672304928
1200.0,788.9437268410976,800.0,11.0562731589024,0.0,290.4424743652344,911.2942504882812,0.013772016391158104,99.98239135742188,0.0003246536653023213,0.0001931277511175722
1230.0,788.9437268410976,800.0,11.0562731589024,0.0,290.4424743652344,911.2942504882812,0.013772016391158104,99.98239135742188,0.0003128924290649593,0.00018167830421589315
1260.0,788.9437268410976,800.0,11.0562731589024,0.0,290.4424743652344,911.2942504882812,0.013772016391158104,99.98239135742188,0.0003022184537257999,0.0001713276724331081
1290.0,788.9437268410976,800.0,11.0562731589024,0.0,290.4424743652344,911.2942504882812,0.013772016391158104,99.98239135742188,0.0002924685541074723,0.00016194986528716981
1320.0,788.9437268410976,800.0,11.0562731589024,0.0,290.4424743652344,911.2942504882812,0.013772016391158104,99.98239135742188,0.00028352299705147743,0.0001534281618660316
1350.0,788.9437268410976,800.0,11.0562731589024,0.0,290.4424743652344,911.2942504882812,0.013772016391158104,99.98239135742188,0.00027530931401997805,0.00014564389130100608
1380.0,788.9437268410976,800.0,11.0562731589024,0.0,290.4424743652344,911.2942504882812,0.013772016391158104,99.98239135742188,0.0002677777665667236,0.00013853299606125802
1410.0,788.9437268410976,800.0,11.0562731589024,0.0,290.4424743652344,911.2942504882812,0.013772016391158104,99.98239135742188,0.0002607981441542506,0.00013198790838941932
1440.0,788.9437268410976,800.0,11.0562731589024,0.0,290.4424743652344,911.2942504882812,0.013772016391158104,99.98239135742188,0.00025430493406020105,0.0001259700075024739
1470.0,788.9437268410976,800.0,11.0562731589024,0.0,290.4424743652344,911.2942504882812,0.013772016391158104,99.98239135742188,0.0002482481941115111,0.00012040580622851849
1500.0,788.9437268410976,800.0,11.0562731589024,0.0,290.4424743652344,911.2942504882812,0.013772016391158104,99.98239135742188,0.00024258444318547845,0.00011524809087859467
1530.0,788.9437268410976,800.0,11.0562731589024,0.0,290.4424743652344,911.2942504882812,0.013772016391158104,99.98239135742188,0.0002372926683165133,0.00011044984421459958
1560.0,788.9437268410976,800.0,11.0562731589024,0.0,290.4424743652344,911.2942504882812,0.013772016391158104,99.98239135742188,0.0002323789958609268,0.00010598059452604502
1590.0,788.9437268410976,800.0,11.0562731589024,0.0,290.4424743652344,911.2942504882812,0.013772016391158104,99.98239135742188,0.00022775266552343965,0.00010182313417317346
1620.0,788.9437268410976,800.0,11.0562731589024,0.0,290.4424743652344,911.2942504882812,0.013772016391158104,99.98239135742188,0.00022338890994433314,9.793160279514268e-05
1650.0,788.9437268410976,800.0,11.0562731589024,0.0,290.4424743652344,911.2942504882812,0.013772016391158104,99.98239135742188,0.00021926499903202057,9.430755744688213e-05
1680.0,788.9437268410976,800.0,11.0562731589024,0.0,290.4424743652344,911.2942504882812,0.013772016391158104,99.98239135742188,0.0002153626992367208,9.090347157325596e-05
1710.0,788.9437268410976,800.0,11.0562731589024,0.0,290.4424743652344,911.2942504882812,0.013772016391158104,99.98239135742188,0.00021166593069210649,8.771050488576293e-05
1740.0,788.9437268410976,800.0,11.0562731589024,0.0,290.4424743652344,911.2942504882812,0.013772016391158104,99.98239135742188,0.00020815510652028024,8.470253669656813e-05
1770.0,788.9437268410976,800.0,11.0562731589024,0.0,290.4424743652344,911.2942504882812,0.013772016391158104,99.98239135742188,0.0002048161841230467,8.187329513020813e-05
1800.0,788.9437268410976,800.0,11.0562731589024,0.0,290.4424743652344,911.2942504882812,0.013772016391158104,99.98239135742188,0.00020164962916169316,7.919703057268634e-05
1830.0,788.9437268410976,800.0,11.0562731589024,0.0,290.4424743652344,911.2942504882812,0.013772016391158104,99.98239135742188,0.00019866586080752313,7.667065801797435e-05
1860.0,788.9437268410976,800.0,11.0562731589024,0.0,290.4424743652344,911.2942504882812,0.013772016391158104,99.98239135742188,0.00019581626111175865,7.429129618685693e-05
1890.0,788.9437268410976,800.0,11.0562731589024,0.0,290.4424743652344,911.2942504882812,0.013772016391158104,99.98239135742188,0.000193091545952484,7.202233246061951e-05
1920.0,788.9437268410976,800.0,11.0562731589024,0.0,290.4424743652344,911.2942504882812,0.013772016391158104,99.98239135742188,0.00019048804824706167,6.985955405980349e-05
1950.0,788.9437268410976,800.0,11.0562731589024,0.0,290.4424743652344,911.2942504882812,0.013772016391158104,99.98239135742188,0.00018799425743054599,6.78215510561131e-05
1980.0,788.9437268410976,800.0,11.0562731589024,0.0,290.4424743652344,911.2942504882812,0.013772016391158104,99.98239135742188,0.00018560216994956136,6.589201802853495e-05
2010.0,788.9437268410976,800.0,11.0562731589024,0.0,290.4424743652344,911.2942504882812,0.013772016391158104,99.98239135742188,0.00018330544116906822,6.4050720538944e-05
2040.0,788.9437268410976,800.0,11.0562731589024,0.0,290.4424743652344,911.2942504882812,0.013772016391158104,99.98239135742188,0.00018109830853063613,6.229621067177504e-05
2070.0,788.9437268410976,800.0,11.0562731589024,0.0,290.4424743652344,911.2942504882812,0.013772016391158104,99.98239135742188,0.00017897537327371538,6.0623802710324526e-05
2100.0,788.9437268410976,800.0,11.0562731589024,0.0,290.4424743652344,911.2942504882812,0.013772016391158104,99.98239135742188,0.00017693180416245013,5.9021724155172706e-05
2130.0,788.9437268410976,800.0,11.0562731589024,0.0,290.4424743652344,911.2942504882812,0.013772016391158104,99.98239135742188,0.00017496310465503484,5.7495562941767275e-05
2160.0,788.9437268410976,800.0,11.0562731589024,0.0,290.4424743652344,911.2942504882812,0.013772016391158104,99.98239135742188,0.00017306480731349438,5.604100806522183e-05
2190.0,788.9437268410976,800.0,11.0562731589024,0.0,290.4424743652344,911.2942504882812,0.013772016391158104,99.98239135742188,0.0001712329249130562,5.46564842807129e-05
2220.0,788.9437268410976,800.0,11.0562731589024,0.0,290.4424743652344,911.2942504882812,0.013772016391158104,99.98239135742188,0.00016948577831499279,5.3326548368204385e-05
2250.0,788.9437268410976,800.0,11.0562731589024,0.0,290.4424743652344,911.2942504882812,0.013772016391158104,99.98239135742188,0.00016781232261564583,5.20658832101617e-05
2280.0,788.9437268410976,800.0,11.0562731589024,0.0,290.4424743652344,911.2942504882812,0.013772016391158104,99.98239135742188,0.00016619307280052453,5.08635348523967e-05
2310.0,788.9437268410976,800.0,11.0562731589024,0.0,290.4424743652344,911.2942504882812,0.013772016391158104,99.98239135742188,0.00016462532221339643,4.970314330421388e-05
2340.0,788.9437268410976,800.0,11.0562731589024,0.0,290.4424743652344,911.2942504882812,0.013772016391158104,99.98239135742188,0.00016310677165165544,4.8575540859019384e-05
2370.0,788.9437268410976,800.0,11.0562731589024,0.0,290.4424743652344,911.2942504882812,0.013772016391158104,99.98239135742188,0.0001616354420548305,4.7480974899372086e-05
2400.0,788.9437268410976,800.0,11.0562731589024,0.0,290.4424743652344,911.2942504882812,0.013772016391158104,99.98239135742188,0.0001602089760126546,4.6440978621831164e-05
2430.0,788.9437268410976,800.0,11.0562731589024,0.0,290.4424743652344,911.2942504882812,0.013772016391158104,99.98239135742188,0.00015882485604379326,4.545098272501491e-05
2460.0,788.9437268410976,800.0,11.0562731589024,0.0,290.4424743652344,911.2942504882812,0.013772016391158104,99.98239135742188,0.00015748088480904698,4.450313645065762e-05
2490.0,788.9437268410976,800.0,11.0562731589024,0.0,290.4424743652344,911.2942504882812,0.013772016391158104,99.98239135742188,0.00015617509779985994,4.358941441751085e-05
2520.0,788.9437268410976,800.0,11.0562731589024,0.0,290.4424743652344,911.2942504882812,0.013772016391158104,99.98239135742188,0.00015490596706513315,4.270165300113149e-05
2550.0,788.9437268410976,800.0,11.0562731589024,0.0,290.4424743652344,911.2942504882812,0.013772016391158104,99.98239135742188,0.00015367190644610673,4.1845829400699586e-05
2580.0,788.9437268410976,800.0,11.0562731589024,0.0,290.4424743652344,911.2942504882812,0.013772016391158104,99.98239135742188,0.00015247135888785124,4.102039019926451e-05
2610.0,788.9437268410976,800.0,11.0562731589024,0.0,290.4424743652344,911.2942504882812,0.013772016391158104,99.98239135742188,0.0001513028983026743,4.022322173113935e-05
2640.0,788.9437268410976,800.0,11.0562731589024,0.0,290.4424743652344,911.2942504882812,0.013772016391158104,99.98239135742188,0.0001501651859143749,3.9451006159652025e-05
2670.0,788.9437268410976,800.0,11.0562731589024,0.0,290.4424743652344,911.2942504882812,0.013772016391158104,99.98239135742188,0.00014905701391398907,3.870096043101512e-05
2700.0,788.9437268410976,800.0,11.0562731589024,0.0,290.4424743652344,911.2942504882812,0.013772016391158104,99.98239135742188,0.00014797724725212902,3.797545286943205e-05
2730.0,788.9437268410976,800.0,11.0562731589024,0.0,290.4424743652344,911.2942504882812,0.013772016391158104,99.98239135742188,0.00014692683180328459,3.7276240618666634e-05
2760.0,788.9437268410976,800.0,11.0562731589024,0.0,290.4424743652344,911.2942504882812,0.013772016391158104,99.98239135742188,0.00014590256614610553,3.6599976738216355e-05
2790.0,788.9437268410976,800.0,11.0562731589024,0.0,290.4424743652344,911.2942504882812,0.013772016391158104,99.98239135742188,0.00014490327157545835,3.594827649067156e-05
2820.0,788.9437268410976,800.0,11.0562731589024,0.0,290.4424743652344,911.2942504882812,0.013772016391158104,99.98239135742188,0.00014392782759387046,3.5320153983775526e-05
2850.0,788.9437268410976,800.0,11.0562731589024,0.0,290.4424743652344,911.2942504882812,0.013772016391158104,99.98239135742188,0.00014297528832685202,3.4711843909462914e-05
2880.0,788.9437268410976,800.0,11.0562731589024,0.0,290.4424743652344,911.2942504882812,0.013772016391158104,99.98239135742188,0.00014204924809746444,3.411608122405596e-05
2910.0,788.9437268410976,800.0,11.0562731589024,0.0,290.4424743652344,911.2942504882812,0.013772016391158104,99.98239135742188,0.00014116198872216046,3.354038199177012e-05
2940.0,788.9437268410976,800.0,11.0562731589024,0.0,290.4424743652344,911.2942504882812,0.013772016391158104,99.98239135742188,0.00014029450539965183,3.2986561564030126e-05
2970.0,788.9437268410976,800.0,11.0562731589024,0.0,290.4424743652344,911.2942504882812,0.013772016391158104,99.98239135742188,0.00013944612874183804,3.244630715926178e-05
3000.0,788.9437268410976,800.0,11.0562731589024,0.0,290.4424743652344,911.2942504882812,0.013772016391158104,99.98239135742188,0.00013861626212019473,3.1916177249513566e-05
3030.0,788.9437268410976,800.0,11.0562731589024,0.0,290.4424743652344,911.2942504882812,0.013772016391158104,99.98239135742188,0.00013780436711385846,3.1396455597132444e-05
3060.0,788.9437268410976,800.0,11.0562731589024,0.0,290.4424743652344,911.2942504882812,0.013772016391158104,99.98239135742188,0.00013700990530196577,3.0891278584022075e-05
3090.0,788.9437268410976,800.0,11.0562731589024,0.0,290.4424743652344,911.2942504882812,0.013772016391158104,99.98239135742188,0.00013623226550407708,3.0403507480514236e-05
3120.0,788.9437268410976,800.0,11.0562731589024,0.0,290.4424743652344,911.2942504882812,0.013772016391158104,99.98239135742188,0.00013547077833209187,2.9926779461675324e-05
3150.0,788.9437268410976,800.0,11.0562731589024,0.0,290.4424743652344,911.2942504882812,0.013772016391158104,99.98239135742188,0.00013472491991706192,2.9471202651620843e-05
3180.0,788.9437268410976,800.0,11.0562731589024,0.0,290.4424743652344,911.2942504882812,0.013772016391158104,99.98239135742188,0.00013399396266322583,2.903228232753463e-05
3210.0,788.9437268410976,800.0,11.0562731589024,0.0,290.4424743652344,911.2942504882812,0.013772016391158104,99.98239135742188,0.00013327736814972013,2.8607048079720698e-05
3240.0,788.9437268410976,800.0,11.0562731589024,0.0,290.4424743652344,911.2942504882812,0.013772016391158104,99.98239135742188,0.0001325746125075966,2.8194417609483935e-05
3270.0,788.9437268410976,800.0,11.0562731589024,0.0,290.4424743652344,911.2942504882812,0.013772016391158104,99.98239135742188,0.00013188507000450045,2.7793059416580945e-05
3300.0,788.9437268410976,800.0,11.0562731589024,0.0,290.4424743652344,911.2942504882812,0.013772016391158104,99.98239135742188,0.00013120862422510982,2.740134186751675e-05
3330.0,788.9437268410976,800.0,11.0562731589024,0.0,290.4424743652344,911.2942504882812,0.013772016391158104,99.98239135742188,0.0001305448531638831,2.7017642423743382e-05
3360.0,788.9437268410976,800.0,11.0562731589024,0.0,290.4424743652344,911.2942504882812,0.013772016391158104,99.98239135742188,0.00012989334936719388,2.663986015249975e-05
3390.0,788.9437268410976,800.0,11.0562731589024,0.0,290.4424743652344,911.2942504882812,0.013772016391158104,99.98239135742188,0.00012925389455631375,2.6265322958352044e-05
3420.0,788.9437268410976,800.0,11.0562731589024,0.0,290.4424743652344,911.2942504882812,0.013772016391158104,99.98239135742188,0.00012862615403719246,2.5901259505189955e-05
3450.0,788.9437268410976,800.0,11.0562731589024,0.0,290.4424743652344,911.2942504882812,0.013772016391158104,99.98239135742188,0.00012800977856386453,2.5546889446559362e-05
3480.0,788.9437268410976,800.0,11.0562731589024,0.0,290.4424743652344,911.2942504882812,0.013772016391158104,99.98239135742188,0.00012740501551888883,2.520052839827258e-05
3510.0,788.9437268410976,800.0,11.0562731589024,0.0,290.4424743652344,911.2942504882812,0.013772016391158104,99.98239135742188,0.00012681199586950243,2.4862602003850043e-05
3540.0,788.9437268410976,800.0,11.0562731589024,0.0,290.4424743652344,911.2942504882812,0.013772016391158104,99.98239135742188,0.00012622930807992816,2.4533785108360462e-05
3570.0,788.9437268410976,800.0,11.0562731589024,0.0,290.4424743652344,911.2942504882812,0.013772016391158104,99.98239135742188,0.00012565664655994624,2.4214059521909803e-05
3600.0,788.9437268410976,800.0,11.0562731589024,0.0,290.4424743652344,911.2942504882812,0.013772016391158104,99.98239135742188,0.00012509369116742164,2.3902586690383032e-05
