time_s,kid_height_m,python_height_m,kid_T_K,python_T_K,delta_T_python_minus_kid_K,kid_qv,python_qv,delta_qv_python_minus_kid,kid_cloud,kid_rain,kid_total_condensed,python_qc,python_qc_over_kid_cloud,kid_total_water,python_total_water,total_water_difference,python_S_percent,kid_RH_percent
30.0,25.0,29.702707820422823,297.6651916503906,297.6192418857311,-0.04594976465949685,0.014959459193050861,0.014959459193050861,0.0,0.0,0.0,0.0,0.0,,0.014959459193050861,0.014959459193050861,0.0,-23.71343780909815,75.5135269165039
60.0,50.0,43.69503500776,297.421142578125,297.48252402745646,0.0613814493314635,0.014949706383049488,0.014959459193050861,9.752810001373291e-06,0.0,0.0,0.0,0.0,,0.014949706383049488,0.014959459193050861,9.752810001373291e-06,-23.209118245757807,76.3832015991211
90.0,75.0,66.6324440287878,297.1771240234375,297.2584045229785,0.0812804995409806,0.014946150593459606,0.014959459193050861,1.3308599591255188e-05,0.0,0.0,0.0,0.0,,0.014946150593459606,0.014959459193050861,1.3308599591255188e-05,-22.373890774496143,77.29654693603516
120.0,100.0,97.95013974851234,296.93310546875,296.9524019383067,0.019296469556707052,0.014951225370168686,0.014959459193050861,8.233822882175446e-06,0.0,0.0,0.0,0.0,,0.014951225370168686,0.014959459193050861,8.233822882175446e-06,-21.216204044407103,78.26765441894531
150.0,125.0,136.87697656084092,296.6890563964844,296.5720510726403,-0.1170053238440687,0.014958169311285019,0.014959459193050861,1.2898817658424377e-06,0.0,0.0,0.0,0.0,,0.014958169311285019,0.014959459193050861,1.2898817658424377e-06,-19.74883798601133,79.26255798339844
180.0,175.0,182.45444655268938,296.2010192871094,296.12671742660456,-0.0743018605048178,0.01495575625449419,0.014959459193050861,3.7029385566711426e-06,0.0,0.0,0.0,0.0,,0.01495575625449419,0.014959459193050861,3.7029385566711426e-06,-17.98978011831402,81.20716094970703
210.0,225.0,233.56028114990798,295.71295166015625,295.62736659254193,-0.08558506761431772,0.014955727383494377,0.014959459193050861,3.7318095564842224e-06,0.0,0.0,0.0,0.0,,0.014955727383494377,0.014959459193050861,3.7318095564842224e-06,-15.963234831348528,83.219970703125
240.0,300.0,288.9360850941719,294.9808654785156,295.0862942452376,0.10542876672195689,0.014939447864890099,0.014959459193050861,2.0011328160762787e-05,0.0,0.0,0.0,0.0,,0.014939447864890099,0.014959459193050861,2.0011328160762787e-05,-13.700664228891164,86.25360107421875
270.0,350.0,347.2183223106175,294.4927978515625,294.5168233815988,0.02402553003628327,0.01494657713919878,0.014959459193050861,1.2882053852081299e-05,0.0,0.0,0.0,0.0,,0.01494657713919878,0.014959459193050861,1.2882053852081299e-05,-11.24172728521618,88.4533920288086
300.0,400.0,406.9718906913198,294.0047302246094,293.9329762642532,-0.07175396035614767,0.014953392557799816,0.014959459193050861,6.066635251045227e-06,0.0,0.0,0.0,0.0,,0.014953392557799816,0.014959459193050861,6.066635251045227e-06,-8.63495439300783,90.71549987792969
330.0,475.0,466.7254590720221,293.27264404296875,293.34912914690767,0.07648510393892138,0.014940883964300156,0.014959459193050861,1.857522875070572e-05,0.0,2.635979212683992e-10,2.635979212683992e-10,0.0,,0.014940884227898077,0.014959459193050861,1.857496515278445e-05,-5.937973729049324,94.0904541015625
360.0,525.0,525.0076962884676,292.7845764160156,292.7796582832689,-0.004918132746752235,0.014947531744837761,0.014959459193050861,1.1927448213100433e-05,0.0,3.3376201802326477e-09,3.3376201802326477e-09,0.0,,0.014947535082457941,0.014959459193050861,1.19241105929202e-05,-3.2171029727047227,96.51769256591797
390.0,575.0,580.3835002327316,292.2965393066406,292.2385859359645,-0.05795337067610262,0.014956950210034847,0.014959459193050861,2.508983016014099e-06,0.0,1.1703247260186345e-08,1.1703247260186345e-08,0.0,,0.014956961913282107,0.014959459193050861,2.4972797687539128e-06,-0.5461438804398543,99.03504180908203
420.0,625.0,631.4893348299508,291.8084716796875,291.85446843730756,0.045996757620059725,0.014715071767568588,0.014913181485551963,0.00019810971798337428,0.00023697066353634,9.229195541138324e-08,0.00023706295549175138,4.627770749890182e-05,0.1952887619433324,0.01495213472306034,0.014959459193050865,7.32446999052519e-06,0.9566240157259999,99.9211196899414
450.0,675.0,677.0668048217997,291.3204040527344,291.70813579222386,0.3877317394894817,0.014346572570502758,0.014793102683569585,0.00044653011306682727,0.0006007759948261082,1.3726032648264663e-06,0.0006021485980909347,0.0001663565094812731,0.2769027240001895,0.014948721168593693,0.014959459193050858,1.073802445716518e-05,0.546437161808028,99.91556549072266
480.0,725.0,715.9936416341287,290.83233642578125,291.563569238128,0.7312328123467751,0.013986682519316673,0.014698411704042949,0.0007117291847262754,0.0009437986882403493,9.142489034275059e-06,0.0009529411772746244,0.0002610474890079119,0.27659234141829314,0.014939623696591298,0.014959459193050861,1.983549645956373e-05,0.36841855771855275,99.91510009765625
510.0,750.0,747.3113373538531,290.64544677734375,291.44314335394205,0.7976965765982982,0.013857504352927208,0.01462388410112785,0.0007663797482006414,0.0010996885830536485,2.2251657355809584e-05,0.001121940240409458,0.000335575091923009,0.3051546565948461,0.014979444593336666,0.014959459193050858,-1.9985400285808114e-05,0.2599648578255454,99.89212036132812
540.0,775.0,770.2487463748818,290.5440979003906,291.35587725563613,0.8117793552455055,0.01380912959575653,0.014568923773209246,0.0007597941774527151,0.0011162618175148964,4.156229260843247e-05,0.0011578241101233289,0.0003905354198416138,0.34986005407857834,0.01496695370587986,0.01495945919305086,-7.494512829000002e-06,0.17089736969934977,99.8960952758789
570.0,775.0,784.2410735622187,290.5440979003906,291.30553955123963,0.7614416508490081,0.013814776204526424,0.014534233503411795,0.000719457298885371,0.001109133125282824,6.378008401952684e-05,0.0011729132093023509,0.00042522568963906574,0.38338561886395295,0.014987689413828775,0.014959459193050861,-2.8230220777913928e-05,0.08999483060188623,99.93694305419922
600.0,800.0,788.9437813826415,290.4424743652344,291.2941797016754,0.8517053364410003,0.013771633617579937,0.014520342193509526,0.0007487085759295894,0.001099497894756496,9.921984019456431e-05,0.0011987177349510603,0.00043911699954133406,0.3993795728354574,0.014970351352530997,0.014959459193050861,-1.0892159480135888e-05,0.012737742188556249,99.9796142578125
630.0,800.0,788.9437813826415,290.4424743652344,291.29559331446416,0.8531189492297813,0.013772016391158104,0.014519774486613584,0.0007477580954554797,0.0010666854213923216,0.0001400339970132336,0.0012067194184055552,0.000439684706437275,0.4121971648055,0.014978735809563659,0.014959459193050858,-1.9276616512801242e-05,3.1635172599472744e-05,99.98239135742188
660.0,800.0,788.9437813826415,290.4424743652344,291.29559682550047,0.8531224602660927,0.013772016391158104,0.014519773076581548,0.0007477566854234442,0.0010258930269628763,0.00019001265172846615,0.0012159056786913425,0.00043968611646930605,0.42858865877174623,0.014987922069849446,0.014959459193050854,-2.8462876798591996e-05,7.853909295825663e-08,99.98239135742188
690.0,800.0,788.9437813826415,290.4424743652344,291.2955968342172,0.8531224689828036,0.013772016391158104,0.014519773073080902,0.0007477566819227982,0.000976334442384541,0.0002467965823598206,0.0012231310247443616,0.000439686119969952,0.45034375607613397,0.014995147415902466,0.014959459193050854,-3.568822285161116e-05,1.9460874974655644e-10,99.98239135742188
720.0,800.0,788.9437813826415,290.4424743652344,291.2955968342383,0.8531224690039494,0.013772016391158104,0.014519773073072088,0.0007477566819139841,0.0009187353425659239,0.0003047162317670882,0.001223451574333012,0.000439686119978774,0.4785775615758727,0.014995467965491116,0.014959459193050861,-3.600877244025469e-05,2.3812700631282506e-12,99.98239135742188
750.0,800.0,788.9437813826415,290.4424743652344,291.2955968342383,0.8531224690039494,0.013772016391158104,0.014519773073071793,0.0007477566819136892,0.0008555169915780425,0.0003555965085979551,0.0012111135001759976,0.0004396861199790721,0.5139420073563352,0.014983129891334102,0.014959459193050865,-2.367069828323673e-05,3.9323725813127077e-13,99.98239135742188
780.0,800.0,788.9437813826415,290.4424743652344,291.2955968342383,0.8531224690039494,0.013772016391158104,0.014519773073071793,0.0007477566819136892,0.0007902354700490832,0.0003921364259440452,0.0011823718959931284,0.0004396861199791762,0.5563988667224293,0.014954388287151232,0.014959459193050969,5.07090589973655e-06,3.9323725813127077e-13,99.98239135742188
810.0,800.0,788.9437813826415,290.4424743652344,291.2955968342383,0.8531224690039494,0.013772016391158104,0.014519773073071793,0.0007477566819136892,0.0007264697924256325,0.0004110303707420826,0.001137500163167715,0.00043968611997928026,0.6052366176316825,0.014909516554325819,0.014959459193051073,4.994263872525398e-05,3.9323725813127077e-13,99.98239135742188
840.0,800.0,788.9437813826415,290.4424743652344,291.2955968342383,0.8531224690039494,0.013772016391158104,0.014519773073071793,0.0007477566819136892,0.0006669950089417398,0.00041342800250276923,0.001080423011444509,0.00043968611997938434,0.6592045129048181,0.014852439402602613,0.014959459193051177,0.0001070197904485641,3.9323725813127077e-13,99.98239135742188
870.0,800.0,788.9437813826415,290.4424743652344,291.2955968342383,0.8531224690039494,0.013772016391158104,0.014519773073071793,0.0007477566819136892,0.000613366428297013,0.00040324675501324236,0.0010166131833102554,0.0004396861199794884,0.7168408632997066,0.01478862957446836,0.014959459193051281,0.0001708296185829218,3.9323725813127077e-13,99.98239135742188
900.0,800.0,788.9437813826415,290.4424743652344,291.2955968342383,0.8531224690039494,0.013772016391158104,0.014519773073071793,0.0007477566819136892,0.0005661081522703171,0.00038500205846503377,0.0009511102107353508,0.0004396861199795925,0.7766821908786822,0.014723126601893455,0.014959459193051385,0.00023633259115793046,3.9323725813127077e-13,99.98239135742188
930.0,800.0,788.9437813826415,290.4424743652344,291.2955968342383,0.8531224690039494,0.013772016391158104,0.014519773073071793,0.0007477566819136892,0.0005248684901744127,0.00036260890192352235,0.0008874773920979351,0.0004396861199796966,0.8377072127793188,0.014659493783256039,0.01495945919305149,0.0002999654097954503,3.9323725813127077e-13,99.98239135742188
960.0,800.0,788.9437813826415,290.4424743652344,291.2955968342383,0.8531224690039494,0.013772016391158104,0.014519773073071793,0.0007477566819136892,0.0004890806740149856,0.00033873587381094694,0.0008278165478259325,0.0004396861199798007,0.899005303910922,0.014599832938984036,0.014959459193051593,0.00035962625406755697,3.9323725813127077e-13,99.98239135742188
990.0,800.0,788.9437813826415,290.4424743652344,291.2955968342383,0.8531224690039494,0.013772016391158104,0.014519773073071793,0.0007477566819136892,0.00045807333663105965,0.00031506235245615244,0.0007731356890872121,0.00043968611997990476,0.9598596661696459,0.014545152080245316,0.014959459193051697,0.00041430711280638147,3.9323725813127077e-13,99.98239135742188
1020.0,800.0,788.9437813826415,290.4424743652344,291.2955968342383,0.8531224690039494,0.013772016391158104,0.014519773073071793,0.0007477566819136892,0.0004310682707000524,0.00029259826987981796,0.0007236665405798703,0.00043968611998000884,1.0199918432084114,0.014495682931737974,0.014959459193051802,0.0004637762613138273,3.9323725813127077e-13,99.98239135742188
1050.0,800.0,788.9437813826415,290.4424743652344,291.2955968342383,0.8531224690039494,0.013772016391158104,0.014519773073071793,0.0007477566819136892,0.00040750394691713154,0.0002717583847697824,0.000679262331686914,0.0004396861199801129,1.0789738929069215,0.014451278722845018,0.014959459193051906,0.0005081804702068878,3.9323725813127077e-13,99.98239135742188
1080.0,800.0,788.9437813826415,290.4424743652344,291.2955968342383,0.8531224690039494,0.013772016391158104,0.014519773073071793,0.0007477566819136892,0.00038679715362377465,0.00025271420599892735,0.000639511359622702,0.000439686119980217,1.1367356658676082,0.014411527750780806,0.01495945919305201,0.0005479314422712038,3.9323725813127077e-13,99.98239135742188
1110.0,800.0,788.9437813826415,290.4424743652344,291.2955968342383,0.8531224690039494,0.013772016391158104,0.014519773073071793,0.0007477566819136892,0.0003684682596940547,0.00023545608564745635,0.0006039243453415111,0.0004396861199803211,1.1932808550332117,0.014375940736499615,0.014959459193052114,0.0005835184565524988,3.9323725813127077e-13,99.98239135742188
1140.0,800.0,788.9437813826415,290.4424743652344,291.2955968342383,0.8531224690039494,0.013772016391158104,0.014519773073071793,0.0007477566819136892,0.00035226024920120835,0.00021985472994856536,0.0005721149791497737,0.0004396861199804252,1.2481854565692987,0.014344131370307878,0.014959459193052218,0.0006153278227443403,3.9323725813127077e-13,99.98239135742188
1170.0,800.0,788.9437813826415,290.4424743652344,291.2955968342383,0.8531224690039494,0.013772016391158104,0.014519773073071793,0.0007477566819136892,0.0003377337125129998,0.00020579670672304928,0.0005435304192360491,0.00043968611998052926,1.3018721664145543,0.014315546810394153,0.014959459193052322,0.000643912382658169,3.9323725813127077e-13,99.98239135742188
1200.0,800.0,788.9437813826415,290.4424743652344,291.2955968342383,0.8531224690039494,0.013772016391158104,0.014519773073071793,0.0007477566819136892,0.0003246536653023213,0.0001931277511175722,0.0005177814164198935,0.00043968611998063334,1.354323597644254,0.014289797807577997,0.014959459193052426,0.0006696613854744286,3.9323725813127077e-13,99.98239135742188
1230.0,800.0,788.9437813826415,290.4424743652344,291.2955968342383,0.8531224690039494,0.013772016391158104,0.014519773073071793,0.0007477566819136892,0.0003128924290649593,0.00018167830421589315,0.0004945707332808524,0.0004396861199807374,1.4052309328630468,0.014266587124438956,0.01495945919305253,0.0006928720686135738,3.9323725813127077e-13,99.98239135742188
1260.0,800.0,788.9437813826415,290.4424743652344,291.2955968342383,0.8531224690039494,0.013772016391158104,0.014519773073071793,0.0007477566819136892,0.0003022184537257999,0.0001713276724331081,0.000473546126158908,0.0004396861199808415,1.4548619204430342,0.014245562517317012,0.014959459193052634,0.0007138966757356223,3.9323725813127077e-13,99.98239135742188
1290.0,800.0,788.9437813826415,290.4424743652344,291.2955968342383,0.8531224690039494,0.013772016391158104,0.014519773073071793,0.0007477566819136892,0.0002924685541074723,0.00016194986528716981,0.0004544184193946421,0.0004396861199809456,1.5033620326217219,0.014226434810552746,0.014959459193052738,0.0007330243824999923,3.9323725813127077e-13,99.98239135742188
1320.0,800.0,788.9437813826415,290.4424743652344,291.2955968342383,0.8531224690039494,0.013772016391158104,0.014519773073071793,0.0007477566819136892,0.00028352299705147743,0.0001534281618660316,0.000436951158917509,0.0004396861199810497,1.5507952601856092,0.014208967550075613,0.014959459193052842,0.0007504916429772295,3.9323725813127077e-13,99.98239135742188
1350.0,800.0,788.9437813826415,290.4424743652344,291.2955968342383,0.8531224690039494,0.013772016391158104,0.014519773073071793,0.0007477566819136892,0.00027530931401997805,0.00014564389130100608,0.0004209532053209841,0.00043968611998115376,1.5970622771928724,0.014192969596479088,0.014959459193052946,0.0007664895965738584,3.9323725813127077e-13,99.98239135742188
1380.0,800.0,788.9437813826415,290.4424743652344,291.2955968342383,0.8531224690039494,0.013772016391158104,0.014519773073071793,0.0007477566819136892,0.0002677777665667236,0.00013853299606125802,0.0004063107626279816,0.00043968611998125784,1.6419814296707078,0.014178327153786086,0.01495945919305305,0.000781132039266965,3.9323725813127077e-13,99.98239135742188
1410.0,800.0,788.9437813826415,290.4424743652344,291.2955968342383,0.8531224690039494,0.013772016391158104,0.014519773073071793,0.0007477566819136892,0.0002607981441542506,0.00013198790838941932,0.00039278605254366994,0.00043968611998136193,1.6859250337353127,0.014164802443701774,0.014959459193053155,0.0007946567493513808,3.9323725813127077e-13,99.98239135742188
1440.0,800.0,788.9437813826415,290.4424743652344,291.2955968342383,0.8531224690039494,0.013772016391158104,0.014519773073071793,0.0007477566819136892,0.00025430493406020105,0.0001259700075024739,0.00038027494156267494,0.000439686119981466,1.7289720374728557,0.014152291332720779,0.014959459193053259,0.0008071678603324799,3.9323725813127077e-13,99.98239135742188
1470.0,800.0,788.9437813826415,290.4424743652344,291.2955968342383,0.8531224690039494,0.013772016391158104,0.014519773073071793,0.0007477566819136892,0.0002482481941115111,0.00012040580622851849,0.0003686540003400296,0.0004396861199815701,1.771155361493049,0.014140670391498134,0.014959459193053363,0.0008187888015552293,3.9323725813127077e-13,99.98239135742188
1500.0,800.0,788.9437813826415,290.4424743652344,291.2955968342383,0.8531224690039494,0.013772016391158104,0.014519773073071793,0.0007477566819136892,0.00024258444318547845,0.00011524809087859467,0.0003578325340640731,0.0004396861199816742,1.8125074889715542,0.014129848925222177,0.014959459193053467,0.0008296102678312899,3.9323725813127077e-13,99.98239135742188
1530.0,800.0,788.9437813826415,290.4424743652344,291.2955968342383,0.8531224690039494,0.013772016391158104,0.014519773073071793,0.0007477566819136892,0.0002372926683165133,0.00011044984421459958,0.0003477425125311129,0.00043968611998177826,1.8529275392331215,0.014119758903689217,0.014959459193053571,0.0008397002893643542,3.9323725813127077e-13,99.98239135742188
1560.0,800.0,788.9437813826415,290.4424743652344,291.2955968342383,0.8531224690039494,0.013772016391158104,0.014519773073071793,0.0007477566819136892,0.0002323789958609268,0.00010598059452604502,0.00033835959038697183,0.00043968611998188234,1.8921078402672151,0.014110375981545076,0.014959459193053675,0.0008490832115085993,3.9323725813127077e-13,99.98239135742188
1590.0,800.0,788.9437813826415,290.4424743652344,291.2955968342383,0.8531224690039494,0.013772016391158104,0.014519773073071793,0.0007477566819136892,0.00022775266552343965,0.00010182313417317346,0.0003295757996966131,0.00043968611998198643,1.9305421474276234,0.014101592190854717,0.01495945919305378,0.0008578670021990621,3.9323725813127077e-13,99.98239135742188
1620.0,800.0,788.9437813826415,290.4424743652344,291.2955968342383,0.8531224690039494,0.013772016391158104,0.014519773073071793,0.0007477566819136892,0.00022338890994433314,9.793160279514268e-05,0.0003213205127394758,0.0004396861199820905,1.9682540198242475,0.01409333690389758,0.014959459193053883,0.0008661222891563035,3.9323725813127077e-13,99.98239135742188
1650.0,800.0,788.9437813826415,290.4424743652344,291.2955968342383,0.8531224690039494,0.013772016391158104,0.014519773073071793,0.0007477566819136892,0.00021926499903202057,9.430755744688213e-05,0.0003135725564789027,0.0004396861199821946,2.005272715313695,0.014085588947637007,0.014959459193053987,0.0008738702454169807,3.9323725813127077e-13,99.98239135742188
1680.0,800.0,788.9437813826415,290.4424743652344,291.2955968342383,0.8531224690039494,0.013772016391158104,0.014519773073071793,0.0007477566819136892,0.0002153626992367208,9.090347157325596e-05,0.00030626617080997676,0.0004396861199822987,2.0416075835816287,0.01407828256196808,0.014959459193054091,0.0008811766310860107,3.9323725813127077e-13,99.98239135742188
1710.0,800.0,788.9437813826415,290.4424743652344,291.2955968342383,0.8531224690039494,0.013772016391158104,0.014519773073071793,0.0007477566819136892,0.00021166593069210649,8.771050488576293e-05,0.0002993764355778694,0.00043968611998240276,2.077264482501811,0.014071392826735973,0.014959459193054195,0.0008880663663182221,3.9323725813127077e-13,99.98239135742188
1740.0,800.0,788.9437813826415,290.4424743652344,291.2955968342383,0.8531224690039494,0.013772016391158104,0.014519773073071793,0.0007477566819136892,0.00020815510652028024,8.470253669656813e-05,0.0002928576432168484,0.00043968611998250684,2.11230042506629,0.014064874034374952,0.0149594591930543,0.0008945851586793473,3.9323725813127077e-13,99.98239135742188
1770.0,800.0,788.9437813826415,290.4424743652344,291.2955968342383,0.8531224690039494,0.013772016391158104,0.014519773073071793,0.0007477566819136892,0.0002048161841230467,8.187329513020813e-05,0.00028668947925325483,0.00043968611998261093,2.1467352390398124,0.014058705870411359,0.014959459193054404,0.0009007533226430449,3.9323725813127077e-13,99.98239135742188
1800.0,800.0,788.9437813826415,290.4424743652344,291.2955968342383,0.8531224690039494,0.013772016391158104,0.014519773073071793,0.0007477566819136892,0.00020164962916169316,7.919703057268634e-05,0.0002808466597343795,0.000439686119982715,2.180445963677681,0.014052863050892483,0.014959459193054508,0.0009065961421620243,3.9323725813127077e-13,99.98239135742188
1830.0,800.0,788.9437813826415,290.4424743652344,291.2955968342383,0.8531224690039494,0.013772016391158104,0.014519773073071793,0.0007477566819136892,0.00019866586080752313,7.667065801797435e-05,0.0002753365188254975,0.0004396861199828191,2.2131941451622015,0.014047352909983601,0.014959459193054612,0.0009121062830710104,3.9323725813127077e-13,99.98239135742188
1860.0,800.0,788.9437813826415,290.4424743652344,291.2955968342383,0.8531224690039494,0.013772016391158104,0.014519773073071793,0.0007477566819136892,0.00019581626111175865,7.429129618685693e-05,0.0002701075572986156,0.0004396861199829232,2.245401467102776,0.01404212394845672,0.014959459193054716,0.0009173352445979964,3.9323725813127077e-13,99.98239135742188
1890.0,800.0,788.9437813826415,290.4424743652344,291.2955968342383,0.8531224690039494,0.013772016391158104,0.014519773073071793,0.0007477566819136892,0.000193091545952484,7.202233246061951e-05,0.0002651138784131035,0.00043968611998302726,2.277086331326102,0.014037130269571207,0.01495945919305482,0.0009223289234836125,3.9323725813127077e-13,99.98239135742188
1920.0,800.0,788.9437813826415,290.4424743652344,291.2955968342383,0.8531224690039494,0.013772016391158104,0.014519773073071793,0.0007477566819136892,0.00019048804824706167,6.985955405980349e-05,0.00026034760230686516,0.00043968611998313135,2.3082084363259447,0.014032363993464969,0.014959459193054924,0.000927095199589955,3.9323725813127077e-13,99.98239135742188
1950.0,800.0,788.9437813826415,290.4424743652344,291.2955968342383,0.8531224690039494,0.013772016391158104,0.014519773073071793,0.0007477566819136892,0.00018799425743054599,6.78215510561131e-05,0.0002558158084866591,0.00043968611998323543,2.338827398202184,0.014027832199644763,0.014959459193055028,0.0009316269934102651,3.9323725813127077e-13,99.98239135742188
1980.0,800.0,788.9437813826415,290.4424743652344,291.2955968342383,0.8531224690039494,0.013772016391158104,0.014519773073071793,0.0007477566819136892,0.00018560216994956136,6.589201802853495e-05,0.0002514941879780963,0.0004396861199833395,2.368970794376096,0.0140235105791362,0.014959459193055132,0.000935948613918932,3.9323725813127077e-13,99.98239135742188
2010.0,800.0,788.9437813826415,290.4424743652344,291.2955968342383,0.8531224690039494,0.013772016391158104,0.014519773073071793,0.0007477566819136892,0.00018330544116906822,6.4050720538944e-05,0.0002473561617080122,0.0004396861199834436,2.3986528560159197,0.014019372552866116,0.014959459193055236,0.0009400866401891202,3.9323725813127077e-13,99.98239135742188
2040.0,800.0,788.9437813826415,290.4424743652344,291.2955968342383,0.8531224690039494,0.013772016391158104,0.014519773073071793,0.0007477566819136892,0.00018109830853063613,6.229621067177504e-05,0.00024339451920241117,0.0004396861199835477,2.427886398006675,0.014015410910360515,0.01495945919305534,0.0009440482826948253,3.9323725813127077e-13,99.98239135742188
2070.0,800.0,788.9437813826415,290.4424743652344,291.2955968342383,0.8531224690039494,0.013772016391158104,0.014519773073071793,0.0007477566819136892,0.00017897537327371538,6.0623802710324526e-05,0.0002395991759840399,0.00043968611998365176,2.4566850284548325,0.014011615567142144,0.014959459193055444,0.0009478436259133007,3.9323725813127077e-13,99.98239135742188
2100.0,800.0,788.9437813826415,290.4424743652344,291.2955968342383,0.8531224690039494,0.013772016391158104,0.014519773073071793,0.0007477566819136892,0.00017693180416245013,5.9021724155172706e-05,0.00023595352831762284,0.00043968611998375585,2.4850598345793022,0.014007969919475727,0.014959459193055549,0.0009514892735798218,3.9323725813127077e-13,99.98239135742188
2130.0,800.0,788.9437813826415,290.4424743652344,291.2955968342383,0.8531224690039494,0.013772016391158104,0.014519773073071793,0.0007477566819136892,0.00017496310465503484,5.7495562941767275e-05,0.00023245866759680212,0.00043968611998385993,2.513021935971958,0.014004475058754906,0.014959459193055653,0.0009549841343007466,3.9323725813127077e-13,99.98239135742188
2160.0,800.0,788.9437813826415,290.4424743652344,291.2955968342383,0.8531224690039494,0.013772016391158104,0.014519773073071793,0.0007477566819136892,0.00017306480731349438,5.604100806522183e-05,0.00022910581537871622,0.000439686119983964,2.5405865398590506,0.01400112220653682,0.014959459193055757,0.0009583369865189366,3.9323725813127077e-13,99.98239135742188
2190.0,800.0,788.9437813826415,290.4424743652344,291.2955968342383,0.8531224690039494,0.013772016391158104,0.014519773073071793,0.0007477566819136892,0.0001712329249130562,5.46564842807129e-05,0.0002258894091937691,0.0004396861199840681,2.5677662179006724,0.013997905800351873,0.01495945919305586,0.0009615533927039878,3.9323725813127077e-13,99.98239135742188
2220.0,800.0,788.9437813826415,290.4424743652344,291.2955968342383,0.8531224690039494,0.013772016391158104,0.014519773073071793,0.0007477566819136892,0.00016948577831499279,5.3326548368204385e-05,0.00022281232668319717,0.0004396861199841722,2.5942360731117304,0.013994828717841301,0.014959459193055965,0.0009646304752146638,3.9323725813127077e-13,99.98239135742188
2250.0,800.0,788.9437813826415,290.4424743652344,291.2955968342383,0.8531224690039494,0.013772016391158104,0.014519773073071793,0.0007477566819136892,0.00016781232261564583,5.20658832101617e-05,0.00021987820582580753,0.00043968611998427626,2.6201062778406627,0.013991894596983911,0.014959459193056069,0.0009675645960721575,3.9323725813127077e-13,99.98239135742188
2280.0,800.0,788.9437813826415,290.4424743652344,291.2955968342383,0.8531224690039494,0.013772016391158104,0.014519773073071793,0.0007477566819136892,0.00016619307280052453,5.08635348523967e-05,0.00021705660765292123,0.00043968611998438035,2.645634457412792,0.013989072998811025,0.014959459193056173,0.0009703861942451479,3.9323725813127077e-13,99.98239135742188
2310.0,800.0,788.9437813826415,290.4424743652344,291.2955968342383,0.8531224690039494,0.013772016391158104,0.014519773073071793,0.0007477566819136892,0.00016462532221339643,4.970314330421388e-05,0.0002143284655176103,0.00043968611998448443,2.6708292143206194,0.013986344856675714,0.014959459193056277,0.0009731143363805629,3.9323725813127077e-13,99.98239135742188
2340.0,800.0,788.9437813826415,290.4424743652344,291.2955968342383,0.8531224690039494,0.013772016391158104,0.014519773073071793,0.0007477566819136892,0.00016310677165165544,4.8575540859019384e-05,0.00021168231251067482,0.0004396861199845885,2.6956950685261507,0.013983698703668779,0.014959459193056381,0.0009757604893876025,3.9323725813127077e-13,99.98239135742188
2370.0,800.0,788.9437813826415,290.4424743652344,291.2955968342383,0.8531224690039494,0.013772016391158104,0.014519773073071793,0.0007477566819136892,0.0001616354420548305,4.7480974899372086e-05,0.00020911641695420258,0.0004396861199846926,2.7202333497843925,0.013981132808112307,0.014959459193056485,0.0009783263849441788,3.9323725813127077e-13,99.98239135742188
2400.0,800.0,788.9437813826415,290.4424743652344,291.2955968342383,0.8531224690039494,0.013772016391158104,0.014519773073071793,0.0007477566819136892,0.0001602089760126546,4.6440978621831164e-05,0.00020664995463448577,0.0004396861199847967,2.744453718685941,0.01397866634579259,0.01495945919305659,0.0009807928472639997,3.9323725813127077e-13,99.98239135742188
2430.0,800.0,788.9437813826415,290.4424743652344,291.2955968342383,0.8531224690039494,0.013772016391158104,0.014519773073071793,0.0007477566819136892,0.00015882485604379326,4.545098272501491e-05,0.00020427583876880817,0.00043968611998490076,2.7683709649556665,0.013976292229926912,0.014959459193056693,0.0009831669631297814,3.9323725813127077e-13,99.98239135742188
2460.0,800.0,788.9437813826415,290.4424743652344,291.2955968342383,0.8531224690039494,0.013772016391158104,0.014519773073071793,0.0007477566819136892,0.00015748088480904698,4.450313645065762e-05,0.0002019840212597046,0.00043968611998500485,2.791996758959953,0.013974000412417809,0.014959459193056798,0.000985458780638989,3.9323725813127077e-13,99.98239135742188
2490.0,800.0,788.9437813826415,290.4424743652344,291.2955968342383,0.8531224690039494,0.013772016391158104,0.014519773073071793,0.0007477566819136892,0.00015617509779985994,4.358941441751085e-05,0.0001997645122173708,0.00043968611998510893,2.81534076929839,0.013971780903375475,0.014959459193056902,0.000987678289681427,3.9323725813127077e-13,99.98239135742188
2520.0,800.0,788.9437813826415,290.4424743652344,291.2955968342383,0.8531224690039494,0.013772016391158104,0.014519773073071793,0.0007477566819136892,0.00015490596706513315,4.270165300113149e-05,0.00019760762006626464,0.000439686119985213,2.838406604442414,0.013969624011224369,0.014959459193057006,0.0009898351818326372,3.9323725813127077e-13,99.98239135742188
2550.0,800.0,788.9437813826415,290.4424743652344,291.2955968342383,0.8531224690039494,0.013772016391158104,0.014519773073071793,0.0007477566819136892,0.00015367190644610673,4.1845829400699586e-05,0.00019551773584680632,0.0004396861199853171,2.8612003986526746,0.01396753412700491,0.01495945919305711,0.0009919250660521996,3.9323725813127077e-13,99.98239135742188
2580.0,800.0,788.9437813826415,290.4424743652344,291.2955968342383,0.8531224690039494,0.013772016391158104,0.014519773073071793,0.0007477566819136892,0.00015247135888785124,4.102039019926451e-05,0.00019349174908711575,0.0004396861199854212,2.883729266877118,0.01396550814024522,0.014959459193057214,0.0009939510528119942,3.9323725813127077e-13,99.98239135742188
2610.0,800.0,788.9437813826415,290.4424743652344,291.2955968342383,0.8531224690039494,0.013772016391158104,0.014519773073071793,0.0007477566819136892,0.0001513028983026743,4.022322173113935e-05,0.00019152612003381364,0.00043968611998552526,2.905999322669642,0.013963542511191918,0.014959459193057318,0.0009959166818654004,3.9323725813127077e-13,99.98239135742188
2640.0,800.0,788.9437813826415,290.4424743652344,291.2955968342383,0.8531224690039494,0.013772016391158104,0.014519773073071793,0.0007477566819136892,0.0001501651859143749,3.9451006159652025e-05,0.0001896161920740269,0.00043968611998562935,2.9280163528471976,0.01396163258323213,0.014959459193057422,0.0009978266098252912,3.9323725813127077e-13,99.98239135742188
2670.0,800.0,788.9437813826415,290.4424743652344,291.2955968342383,0.8531224690039494,0.013772016391158104,0.014519773073071793,0.0007477566819136892,0.00014905701391398907,3.870096043101512e-05,0.00018775797434500419,0.00043968611998573343,2.949784840312494,0.013959774365503108,0.014959459193057526,0.000999684827554418,3.9323725813127077e-13,99.98239135742188
2700.0,800.0,788.9437813826415,290.4424743652344,291.2955968342383,0.8531224690039494,0.013772016391158104,0.014519773073071793,0.0007477566819136892,0.00014797724725212902,3.797545286943205e-05,0.00018595270012156107,0.0004396861199858375,2.971308955603724,0.013957969091279665,0.01495945919305763,0.0010014901017779652,3.9323725813127077e-13,99.98239135742188
2730.0,800.0,788.9437813826415,290.4424743652344,291.2955968342383,0.8531224690039494,0.013772016391158104,0.014519773073071793,0.0007477566819136892,0.00014692683180328459,3.7276240618666634e-05,0.00018420307242195122,0.0004396861199859416,2.992551561818352,0.013956219463580055,0.014959459193057734,0.0010032397294776792,3.9323725813127077e-13,99.98239135742188
2760.0,800.0,788.9437813826415,290.4424743652344,291.2955968342383,0.8531224690039494,0.013772016391158104,0.014519773073071793,0.0007477566819136892,0.00014590256614610553,3.6599976738216355e-05,0.00018250254288432188,0.0004396861199860457,3.013559881775814,0.013954518934042426,0.014959459193057838,0.0010049402590154126,3.9323725813127077e-13,99.98239135742188
2790.0,800.0,788.9437813826415,290.4424743652344,291.2955968342383,0.8531224690039494,0.013772016391158104,0.014519773073071793,0.0007477566819136892,0.00014490327157545835,3.594827649067156e-05,0.0001808515480661299,0.00043968611998614976,3.0343422560834545,0.013952867939224234,0.014959459193057942,0.0010065912538337086,3.9323725813127077e-13,99.98239135742188
2820.0,800.0,788.9437813826415,290.4424743652344,291.2955968342383,0.8531224690039494,0.013772016391158104,0.014519773073071793,0.0007477566819136892,0.00014392782759387046,3.5320153983775526e-05,0.000179247981577646,0.00043968611998625385,3.0549069442425116,0.01395126437273575,0.014959459193058047,0.0010081948203222967,3.9323725813127077e-13,99.98239135742188
2850.0,800.0,788.9437813826415,290.4424743652344,291.2955968342383,0.8531224690039494,0.013772016391158104,0.014519773073071793,0.0007477566819136892,0.00014297528832685202,3.4711843909462914e-05,0.00017768713223631494,0.00043968611998635793,3.0752595440213635,0.013949703523394419,0.01495945919305815,0.0010097556696637318,3.9323725813127077e-13,99.98239135742188
2880.0,800.0,788.9437813826415,290.4424743652344,291.2955968342383,0.8531224690039494,0.013772016391158104,0.014519773073071793,0.0007477566819136892,0.00014204924809746444,3.411608122405596e-05,0.0001761653293215204,0.000439686119986462,3.0953076195431852,0.013948181720479624,0.014959459193058255,0.0010112774725786304,3.9323725813127077e-13,99.98239135742188
2910.0,800.0,788.9437813826415,290.4424743652344,291.2955968342383,0.8531224690039494,0.013772016391158104,0.014519773073071793,0.0007477566819136892,0.00014116198872216046,3.354038199177012e-05,0.00017470237071393058,0.0004396861199865661,3.114762861920077,0.013946718761872035,0.014959459193058359,0.0010127404311863243,3.9323725813127077e-13,99.98239135742188
2940.0,800.0,788.9437813826415,290.4424743652344,291.2955968342383,0.8531224690039494,0.013772016391158104,0.014519773073071793,0.0007477566819136892,0.00014029450539965183,3.2986561564030126e-05,0.00017328106696368195,0.0004396861199866702,3.1340223819468367,0.013945297458121786,0.014959459193058463,0.001014161734936677,3.9323725813127077e-13,99.98239135742188
2970.0,800.0,788.9437813826415,290.4424743652344,291.2955968342383,0.8531224690039494,0.013772016391158104,0.014519773073071793,0.0007477566819136892,0.00013944612874183804,3.244630715926178e-05,0.00017189243590109982,0.00043968611998677426,3.1530894686992856,0.013943908827059204,0.014959459193058567,0.0010155503659993632,3.9323725813127077e-13,99.98239135742188
3000.0,800.0,788.9437813826415,290.4424743652344,291.2955968342383,0.8531224690039494,0.013772016391158104,0.014519773073071793,0.0007477566819136892,0.00013861626212019473,3.1916177249513566e-05,0.0001705324393697083,0.00043968611998687835,3.171966357061516,0.013942548830527812,0.014959459193058671,0.0010169103625308588,3.9323725813127077e-13,99.98239135742188
3030.0,800.0,788.9437813826415,290.4424743652344,291.2955968342383,0.8531224690039494,0.013772016391158104,0.014519773073071793,0.0007477566819136892,0.00013780436711385846,3.1396455597132444e-05,0.0001692008227109909,0.00043968611998698243,3.1906544705052737,0.013941217213869095,0.014959459193058775,0.0010182419791896803,3.9323725813127077e-13,99.98239135742188
3060.0,800.0,788.9437813826415,290.4424743652344,291.2955968342383,0.8531224690039494,0.013772016391158104,0.014519773073071793,0.0007477566819136892,0.00013700990530196577,3.0891278584022075e-05,0.00016790118388598785,0.0004396861199870865,3.2091557104432074,0.013939917575044092,0.01495945919305888,0.0010195416180147875,3.9323725813127077e-13,99.98239135742188
3090.0,800.0,788.9437813826415,290.4424743652344,291.2955968342383,0.8531224690039494,0.013772016391158104,0.014519773073071793,0.0007477566819136892,0.00013623226550407708,3.0403507480514236e-05,0.0001666357729845913,0.0004396861199871906,3.227474184329937,0.013938652164142695,0.014959459193058983,0.001020807028916288,3.9323725813127077e-13,99.98239135742188
3120.0,800.0,788.9437813826415,290.4424743652344,291.2955968342383,0.8531224690039494,0.013772016391158104,0.014519773073071793,0.0007477566819136892,0.00013547077833209187,2.9926779461675324e-05,0.0001653975577937672,0.0004396861199872947,3.2456159579260113,0.013937413948951871,0.014959459193059087,0.0010220452441072163,3.9323725813127077e-13,99.98239135742188
3150.0,800.0,788.9437813826415,290.4424743652344,291.2955968342383,0.8531224690039494,0.013772016391158104,0.014519773073071793,0.0007477566819136892,0.00013472491991706192,2.9471202651620843e-05,0.00016419612256868277,0.00043968611998739877,3.263584199998591,0.013936212513726787,0.014959459193059192,0.0010232466793324048,3.9323725813127077e-13,99.98239135742188
3180.0,800.0,788.9437813826415,290.4424743652344,291.2955968342383,0.8531224690039494,0.013772016391158104,0.014519773073071793,0.0007477566819136892,0.00013399396266322583,2.903228232753463e-05,0.00016302624499076046,0.00043968611998750285,3.2813875435014146,0.013935042636148864,0.014959459193059296,0.0010244165569104312,3.9323725813127077e-13,99.98239135742188
3210.0,800.0,788.9437813826415,290.4424743652344,291.2955968342383,0.8531224690039494,0.013772016391158104,0.014519773073071793,0.0007477566819136892,0.00013327736814972013,2.8607048079720698e-05,0.00016188441622944083,0.00043968611998760693,3.2990306313197575,0.013933900807387545,0.0149594591930594,0.001025558385671855,3.9323725813127077e-13,99.98239135742188
3240.0,800.0,788.9437813826415,290.4424743652344,291.2955968342383,0.8531224690039494,0.013772016391158104,0.014519773073071793,0.0007477566819136892,0.0001325746125075966,2.8194417609483935e-05,0.00016076903011708055,0.000439686119987711,3.316518235816203,0.013932785421275184,0.014959459193059504,0.0010266737717843193,3.9323725813127077e-13,99.98239135742188
3270.0,800.0,788.9437813826415,290.4424743652344,291.2955968342383,0.8531224690039494,0.013772016391158104,0.014519773073071793,0.0007477566819136892,0.00013188507000450045,2.7793059416580945e-05,0.0001596781294210814,0.0004396861199878151,3.3338581840447237,0.013931694520579185,0.014959459193059608,0.0010277646724804225,3.9323725813127077e-13,99.98239135742188
3300.0,800.0,788.9437813826415,290.4424743652344,291.2955968342383,0.8531224690039494,0.013772016391158104,0.014519773073071793,0.0007477566819136892,0.00013120862422510982,2.740134186751675e-05,0.00015860996609262656,0.0004396861199879192,3.3510458827276923,0.01393062635725073,0.014959459193059712,0.0010288328358089814,3.9323725813127077e-13,99.98239135742188
3330.0,800.0,788.9437813826415,290.4424743652344,291.2955968342383,0.8531224690039494,0.013772016391158104,0.014519773073071793,0.0007477566819136892,0.0001305448531638831,2.7017642423743382e-05,0.00015756249558762647,0.00043968611998802327,3.3680846799532658,0.01392957888674573,0.014959459193059816,0.0010298803063140856,3.9323725813127077e-13,99.98239135742188
3360.0,800.0,788.9437813826415,290.4424743652344,291.2955968342383,0.8531224690039494,0.013772016391158104,0.014519773073071793,0.0007477566819136892,0.00012989334936719388,2.663986015249975e-05,0.00015653320951969363,0.00043968611998812735,3.384977923274456,0.013928549600677798,0.01495945919305992,0.0010309095923821225,3.9323725813127077e-13,99.98239135742188
3390.0,800.0,788.9437813826415,290.4424743652344,291.2955968342383,0.8531224690039494,0.013772016391158104,0.014519773073071793,0.0007477566819136892,0.00012925389455631375,2.6265322958352044e-05,0.0001555192175146658,0.00043968611998823143,3.4017243464696345,0.01392753560867277,0.014959459193060024,0.0010319235843872544,3.9323725813127077e-13,99.98239135742188
3420.0,800.0,788.9437813826415,290.4424743652344,291.2955968342383,0.8531224690039494,0.013772016391158104,0.014519773073071793,0.0007477566819136892,0.00012862615403719246,2.5901259505189955e-05,0.00015452741354238242,0.0004396861199883355,3.4183259484008173,0.013926543804700486,0.014959459193060128,0.0010329153883596419,3.9323725813127077e-13,99.98239135742188
3450.0,800.0,788.9437813826415,290.4424743652344,291.2955968342383,0.8531224690039494,0.013772016391158104,0.014519773073071793,0.0007477566819136892,0.00012800977856386453,2.5546889446559362e-05,0.0001535566680104239,0.0004396861199884396,3.4347854118744423,0.013925573059168528,0.014959459193060232,0.0010338861338917045,3.9323725813127077e-13,99.98239135742188
3480.0,800.0,788.9437813826415,290.4424743652344,291.2955968342383,0.8531224690039494,0.013772016391158104,0.014519773073071793,0.0007477566819136892,0.00012740501551888883,2.520052839827258e-05,0.0001526055439171614,0.0004396861199885437,3.4510895681603415,0.013924621935075265,0.014959459193060336,0.001034837257985071,3.9323725813127077e-13,99.98239135742188
3510.0,800.0,788.9437813826415,290.4424743652344,291.2955968342383,0.8531224690039494,0.013772016391158104,0.014519773073071793,0.0007477566819136892,0.00012681199586950243,2.4862602003850043e-05,0.00015167459787335247,0.00043968611998864777,3.467228135429022,0.013923690989031456,0.01495945919306044,0.001035768204028984,3.9323725813127077e-13,99.98239135742188
3540.0,800.0,788.9437813826415,290.4424743652344,291.2955968342383,0.8531224690039494,0.013772016391158104,0.014519773073071793,0.0007477566819136892,0.00012622930807992816,2.4533785108360462e-05,0.00015076309318828862,0.00043968611998875185,3.4832332259188448,0.013922779484346393,0.014959459193060545,0.001036679708714152,3.9323725813127077e-13,99.98239135742188
3570.0,800.0,788.9437813826415,290.4424743652344,291.2955968342383,0.8531224690039494,0.013772016391158104,0.014519773073071793,0.0007477566819136892,0.00012565664655994624,2.4214059521909803e-05,0.00014987070608185604,0.00043968611998885593,3.4991075444552595,0.01392188709723996,0.014959459193060649,0.0010375720958206887,3.9323725813127077e-13,99.98239135742188
3600.0,800.0,788.9437813826415,290.4424743652344,291.2955968342383,0.8531224690039494,0.013772016391158104,0.014519773073071793,0.0007477566819136892,0.00012509369116742164,2.3902586690383032e-05,0.00014899627785780467,0.00043968611998896,3.51485447336027,0.013921012669015909,0.014959459193060753,0.0010384465240448441,3.9323725813127077e-13,99.98239135742188
