time_s,parcel_height_m,w_m_s,temperature_K,pressure_Pa,qv_kg_kg,S_fraction,S_percent,qc_kg_kg,Nc_m3,activated_fraction,mean_radius_um,G_liquid_m2_s
30.0,29.702707820422823,0.31286893008046174,297.6192418857311,99670.47107050974,0.014959459193050861,-0.2371343780909815,-23.71343780909815,0.0,0.0,0.0,0.0,1.3048080693337735e-10
60.0,43.69503500776,0.6180339887498948,297.48252402745646,99510.41951328056,0.014959459193050861,-0.23209118245757807,-23.209118245757807,0.0,0.0,0.0,0.0,1.3013591069352945e-10
90.0,66.6324440287878,0.9079809994790935,297.2584045229785,99248.4458012776,0.014959459193050861,-0.22373890774496144,-22.373890774496143,0.0,0.0,0.0,0.0,1.2957024007111784e-10
120.0,97.95013974851234,1.1755705045849463,296.9524019383067,98891.55355115597,0.014959459193050861,-0.21216204044407103,-21.216204044407103,0.0,0.0,0.0,0.0,1.2879732482082499e-10
150.0,136.87697656084092,1.414213562373095,296.5720510726403,98449.22605678556,0.014959459193050861,-0.1974883798601133,-19.74883798601133,0.0,0.0,0.0,0.0,1.2783569906300384e-10
180.0,182.45444655268938,1.618033988749895,296.12671742660456,97933.12353498784,0.014959459193050861,-0.1798978011831402,-17.98978011831402,0.0,0.0,0.0,0.0,1.2670849857324272e-10
210.0,233.56028114990798,1.7820130483767356,295.62736659254193,97356.7197681989,0.014959459193050861,-0.15963234831348527,-15.963234831348528,0.0,0.0,0.0,0.0,1.254429499949927e-10
240.0,288.9360850941719,1.902113032590307,295.0862942452376,96734.894770027,0.014959459193050861,-0.13700664228891163,-13.700664228891164,0.0,0.0,0.0,0.0,1.240697578198994e-10
270.0,347.2183223106175,1.9753766811902755,294.5168233815988,96083.50103197987,0.014959459193050861,-0.11241727285216181,-11.24172728521618,0.0,0.0,0.0,0.0,1.2262239727325544e-10
300.0,406.9718906913198,2.0,293.9329762642532,95418.92064410856,0.014959459193050861,-0.08634954393007829,-8.63495439300783,0.0,0.0,0.0,0.0,1.2113632432511094e-10
330.0,466.7254590720221,1.9753766811902755,293.34912914690767,94757.62923986881,0.014959459193050861,-0.05937973729049324,-5.937973729049324,0.0,0.0,0.0,0.0,1.1964811793005036e-10
360.0,525.0076962884676,1.9021130325903073,292.7796582832689,94115.78050808002,0.014959459193050861,-0.032171029727047225,-3.2171029727047227,0.0,0.0,0.0,0.0,1.1819457401506588e-10
390.0,580.3835002327316,1.7820130483767358,292.2385859359645,93508.82221706468,0.014959459193050861,-0.0054614388043985425,-0.5461438804398543,0.0,0.0,0.0,0.0,1.1681177511984002e-10
420.0,631.4893348299508,1.618033988749895,291.85446843730756,92951.2018406685,0.014913181485551963,0.009566240157259999,0.9566240157259999,4.627770749890182e-05,49997169.195623,0.9999433839124601,6.258867711312053,1.1586609914090983e-10
450.0,677.0668048217997,1.4142135623730951,291.70813579222386,92456.31260983995,0.014793102683569585,0.0054643716180802805,0.546437161808028,0.0001663565094812731,49997169.195623,0.9999433839124601,9.572325714615241,1.1560741963301407e-10
480.0,715.9936416341287,1.1755705045849465,291.563569238128,92035.51626072315,0.014698411704042949,0.0036841855771855276,0.36841855771855275,0.0002610474890079119,49997169.195623,0.9999433839124601,11.10847594240892,1.1532961288962547e-10
510.0,747.3113373538531,0.9079809994790937,291.44314335394205,91698.2118855186,0.01462388410112785,0.002599648578255454,0.2599648578255454,0.000335575091923009,49997169.195623,0.9999433839124601,12.06530986146896,1.1509411600228172e-10
540.0,770.2487463748818,0.618033988749895,291.35587725563613,91451.8641844033,0.014568923773209246,0.0017089736969934978,0.17089736969934977,0.0003905354198416138,49997169.195623,0.9999433839124601,12.680845722773302,1.1492476820082966e-10
570.0,784.2410735622187,0.31286893008046196,291.30553955123963,91301.87680092228,0.014534233503411795,0.0008999483060188623,0.08999483060188623,0.00042522568963906574,49997169.195623,0.9999433839124601,13.039296606705856,1.1483051611307984e-10
600.0,788.9437813826415,0.0,291.2941797016754,91251.51718594723,0.014520342193509526,0.00012737742188556248,0.012737742188556249,0.00043911699954133406,49997169.195623,0.9999433839124601,13.177479837328626,1.1481605712629288e-10
630.0,788.9437813826415,0.0,291.29559331446416,91251.51718594723,0.014519774486613584,3.1635172599472744e-07,3.1635172599472744e-05,0.000439684706437275,49997169.195623,0.9999433839124601,13.183133633214402,1.1482043111511425e-10
660.0,788.9437813826415,0.0,291.29559682550047,91251.51718594723,0.014519773076581548,7.853909295825663e-10,7.853909295825663e-08,0.00043968611646930605,49997169.195623,0.9999433839124601,13.183147669920015,1.1482044197912932e-10
690.0,788.9437813826415,0.0,291.2955968342172,91251.51718594723,0.014519773073080902,1.9460874974655643e-12,1.9460874974655644e-10,0.000439686119969952,49997169.195623,0.9999433839124601,13.183147704768503,1.1482044200610097e-10
720.0,788.9437813826415,0.0,291.2955968342383,91251.51718594723,0.014519773073072088,2.3812700631282508e-14,2.3812700631282506e-12,0.000439686119978774,49997169.195623,0.9999433839124601,13.183147704856337,1.1482044200616655e-10
750.0,788.9437813826415,0.0,291.2955968342383,91251.51718594723,0.014519773073071793,3.932372581312708e-15,3.9323725813127077e-13,0.0004396861199790721,49997169.195623,0.9999433839124601,13.183147704859318,1.1482044200616655e-10
780.0,788.9437813826415,0.0,291.2955968342383,91251.51718594723,0.014519773073071793,3.932372581312708e-15,3.9323725813127077e-13,0.0004396861199791762,49997169.195623,0.9999433839124601,13.183147704860357,1.1482044200616655e-10
810.0,788.9437813826415,0.0,291.2955968342383,91251.51718594723,0.014519773073071793,3.932372581312708e-15,3.9323725813127077e-13,0.00043968611997928026,49997169.195623,0.9999433839124601,13.183147704861398,1.1482044200616655e-10
840.0,788.9437813826415,0.0,291.2955968342383,91251.51718594723,0.014519773073071793,3.932372581312708e-15,3.9323725813127077e-13,0.00043968611997938434,49997169.195623,0.9999433839124601,13.183147704862437,1.1482044200616655e-10
870.0,788.9437813826415,0.0,291.2955968342383,91251.51718594723,0.014519773073071793,3.932372581312708e-15,3.9323725813127077e-13,0.0004396861199794884,49997169.195623,0.9999433839124601,13.183147704863478,1.1482044200616655e-10
900.0,788.9437813826415,0.0,291.2955968342383,91251.51718594723,0.014519773073071793,3.932372581312708e-15,3.9323725813127077e-13,0.0004396861199795925,49997169.195623,0.9999433839124601,13.183147704864517,1.1482044200616655e-10
930.0,788.9437813826415,0.0,291.2955968342383,91251.51718594723,0.014519773073071793,3.932372581312708e-15,3.9323725813127077e-13,0.0004396861199796966,49997169.195623,0.9999433839124601,13.183147704865558,1.1482044200616655e-10
960.0,788.9437813826415,0.0,291.2955968342383,91251.51718594723,0.014519773073071793,3.932372581312708e-15,3.9323725813127077e-13,0.0004396861199798007,49997169.195623,0.9999433839124601,13.183147704866599,1.1482044200616655e-10
990.0,788.9437813826415,0.0,291.2955968342383,91251.51718594723,0.014519773073071793,3.932372581312708e-15,3.9323725813127077e-13,0.00043968611997990476,49997169.195623,0.9999433839124601,13.183147704867638,1.1482044200616655e-10
1020.0,788.9437813826415,0.0,291.2955968342383,91251.51718594723,0.014519773073071793,3.932372581312708e-15,3.9323725813127077e-13,0.00043968611998000884,49997169.195623,0.9999433839124601,13.183147704868679,1.1482044200616655e-10
1050.0,788.9437813826415,0.0,291.2955968342383,91251.51718594723,0.014519773073071793,3.932372581312708e-15,3.9323725813127077e-13,0.0004396861199801129,49997169.195623,0.9999433839124601,13.183147704869718,1.1482044200616655e-10
1080.0,788.9437813826415,0.0,291.2955968342383,91251.51718594723,0.014519773073071793,3.932372581312708e-15,3.9323725813127077e-13,0.000439686119980217,49997169.195623,0.9999433839124601,13.183147704870759,1.1482044200616655e-10
1110.0,788.9437813826415,0.0,291.2955968342383,91251.51718594723,0.014519773073071793,3.932372581312708e-15,3.9323725813127077e-13,0.0004396861199803211,49997169.195623,0.9999433839124601,13.1831477048718,1.1482044200616655e-10
1140.0,788.9437813826415,0.0,291.2955968342383,91251.51718594723,0.014519773073071793,3.932372581312708e-15,3.9323725813127077e-13,0.0004396861199804252,49997169.195623,0.9999433839124601,13.183147704872841,1.1482044200616655e-10
1170.0,788.9437813826415,0.0,291.2955968342383,91251.51718594723,0.014519773073071793,3.932372581312708e-15,3.9323725813127077e-13,0.00043968611998052926,49997169.195623,0.9999433839124601,13.18314770487388,1.1482044200616655e-10
1200.0,788.9437813826415,0.0,291.2955968342383,91251.51718594723,0.014519773073071793,3.932372581312708e-15,3.9323725813127077e-13,0.00043968611998063334,49997169.195623,0.9999433839124601,13.183147704874921,1.1482044200616655e-10
1230.0,788.9437813826415,0.0,291.2955968342383,91251.51718594723,0.014519773073071793,3.932372581312708e-15,3.9323725813127077e-13,0.0004396861199807374,49997169.195623,0.9999433839124601,13.183147704875962,1.1482044200616655e-10
1260.0,788.9437813826415,0.0,291.2955968342383,91251.51718594723,0.014519773073071793,3.932372581312708e-15,3.9323725813127077e-13,0.0004396861199808415,49997169.195623,0.9999433839124601,13.183147704877001,1.1482044200616655e-10
1290.0,788.9437813826415,0.0,291.2955968342383,91251.51718594723,0.014519773073071793,3.932372581312708e-15,3.9323725813127077e-13,0.0004396861199809456,49997169.195623,0.9999433839124601,13.183147704878042,1.1482044200616655e-10
1320.0,788.9437813826415,0.0,291.2955968342383,91251.51718594723,0.014519773073071793,3.932372581312708e-15,3.9323725813127077e-13,0.0004396861199810497,49997169.195623,0.9999433839124601,13.183147704879081,1.1482044200616655e-10
1350.0,788.9437813826415,0.0,291.2955968342383,91251.51718594723,0.014519773073071793,3.932372581312708e-15,3.9323725813127077e-13,0.00043968611998115376,49997169.195623,0.9999433839124601,13.183147704880122,1.1482044200616655e-10
1380.0,788.9437813826415,0.0,291.2955968342383,91251.51718594723,0.014519773073071793,3.932372581312708e-15,3.9323725813127077e-13,0.00043968611998125784,49997169.195623,0.9999433839124601,13.183147704881161,1.1482044200616655e-10
1410.0,788.9437813826415,0.0,291.2955968342383,91251.51718594723,0.014519773073071793,3.932372581312708e-15,3.9323725813127077e-13,0.00043968611998136193,49997169.195623,0.9999433839124601,13.183147704882202,1.1482044200616655e-10
1440.0,788.9437813826415,0.0,291.2955968342383,91251.51718594723,0.014519773073071793,3.932372581312708e-15,3.9323725813127077e-13,0.000439686119981466,49997169.195623,0.9999433839124601,13.183147704883242,1.1482044200616655e-10
1470.0,788.9437813826415,0.0,291.2955968342383,91251.51718594723,0.014519773073071793,3.932372581312708e-15,3.9323725813127077e-13,0.0004396861199815701,49997169.195623,0.9999433839124601,13.183147704884284,1.1482044200616655e-10
1500.0,788.9437813826415,0.0,291.2955968342383,91251.51718594723,0.014519773073071793,3.932372581312708e-15,3.9323725813127077e-13,0.0004396861199816742,49997169.195623,0.9999433839124601,13.183147704885323,1.1482044200616655e-10
1530.0,788.9437813826415,0.0,291.2955968342383,91251.51718594723,0.014519773073071793,3.932372581312708e-15,3.9323725813127077e-13,0.00043968611998177826,49997169.195623,0.9999433839124601,13.183147704886364,1.1482044200616655e-10
1560.0,788.9437813826415,0.0,291.2955968342383,91251.51718594723,0.014519773073071793,3.932372581312708e-15,3.9323725813127077e-13,0.00043968611998188234,49997169.195623,0.9999433839124601,13.183147704887404,1.1482044200616655e-10
1590.0,788.9437813826415,0.0,291.2955968342383,91251.51718594723,0.014519773073071793,3.932372581312708e-15,3.9323725813127077e-13,0.00043968611998198643,49997169.195623,0.9999433839124601,13.183147704888444,1.1482044200616655e-10
1620.0,788.9437813826415,0.0,291.2955968342383,91251.51718594723,0.014519773073071793,3.932372581312708e-15,3.9323725813127077e-13,0.0004396861199820905,49997169.195623,0.9999433839124601,13.183147704889485,1.1482044200616655e-10
1650.0,788.9437813826415,0.0,291.2955968342383,91251.51718594723,0.014519773073071793,3.932372581312708e-15,3.9323725813127077e-13,0.0004396861199821946,49997169.195623,0.9999433839124601,13.183147704890523,1.1482044200616655e-10
1680.0,788.9437813826415,0.0,291.2955968342383,91251.51718594723,0.014519773073071793,3.932372581312708e-15,3.9323725813127077e-13,0.0004396861199822987,49997169.195623,0.9999433839124601,13.183147704891566,1.1482044200616655e-10
1710.0,788.9437813826415,0.0,291.2955968342383,91251.51718594723,0.014519773073071793,3.932372581312708e-15,3.9323725813127077e-13,0.00043968611998240276,49997169.195623,0.9999433839124601,13.183147704892603,1.1482044200616655e-10
1740.0,788.9437813826415,0.0,291.2955968342383,91251.51718594723,0.014519773073071793,3.932372581312708e-15,3.9323725813127077e-13,0.00043968611998250684,49997169.195623,0.9999433839124601,13.183147704893646,1.1482044200616655e-10
1770.0,788.9437813826415,0.0,291.2955968342383,91251.51718594723,0.014519773073071793,3.932372581312708e-15,3.9323725813127077e-13,0.00043968611998261093,49997169.195623,0.9999433839124601,13.183147704894685,1.1482044200616655e-10
1800.0,788.9437813826415,0.0,291.2955968342383,91251.51718594723,0.014519773073071793,3.932372581312708e-15,3.9323725813127077e-13,0.000439686119982715,49997169.195623,0.9999433839124601,13.183147704895726,1.1482044200616655e-10
1830.0,788.9437813826415,0.0,291.2955968342383,91251.51718594723,0.014519773073071793,3.932372581312708e-15,3.9323725813127077e-13,0.0004396861199828191,49997169.195623,0.9999433839124601,13.183147704896767,1.1482044200616655e-10
1860.0,788.9437813826415,0.0,291.2955968342383,91251.51718594723,0.014519773073071793,3.932372581312708e-15,3.9323725813127077e-13,0.0004396861199829232,49997169.195623,0.9999433839124601,13.183147704897806,1.1482044200616655e-10
1890.0,788.9437813826415,0.0,291.2955968342383,91251.51718594723,0.014519773073071793,3.932372581312708e-15,3.9323725813127077e-13,0.00043968611998302726,49997169.195623,0.9999433839124601,13.183147704898847,1.1482044200616655e-10
1920.0,788.9437813826415,0.0,291.2955968342383,91251.51718594723,0.014519773073071793,3.932372581312708e-15,3.9323725813127077e-13,0.00043968611998313135,49997169.195623,0.9999433839124601,13.183147704899886,1.1482044200616655e-10
1950.0,788.9437813826415,0.0,291.2955968342383,91251.51718594723,0.014519773073071793,3.932372581312708e-15,3.9323725813127077e-13,0.00043968611998323543,49997169.195623,0.9999433839124601,13.183147704900927,1.1482044200616655e-10
1980.0,788.9437813826415,0.0,291.2955968342383,91251.51718594723,0.014519773073071793,3.932372581312708e-15,3.9323725813127077e-13,0.0004396861199833395,49997169.195623,0.9999433839124601,13.183147704901966,1.1482044200616655e-10
2010.0,788.9437813826415,0.0,291.2955968342383,91251.51718594723,0.014519773073071793,3.932372581312708e-15,3.9323725813127077e-13,0.0004396861199834436,49997169.195623,0.9999433839124601,13.183147704903007,1.1482044200616655e-10
2040.0,788.9437813826415,0.0,291.2955968342383,91251.51718594723,0.014519773073071793,3.932372581312708e-15,3.9323725813127077e-13,0.0004396861199835477,49997169.195623,0.9999433839124601,13.183147704904046,1.1482044200616655e-10
2070.0,788.9437813826415,0.0,291.2955968342383,91251.51718594723,0.014519773073071793,3.932372581312708e-15,3.9323725813127077e-13,0.00043968611998365176,49997169.195623,0.9999433839124601,13.183147704905087,1.1482044200616655e-10
2100.0,788.9437813826415,0.0,291.2955968342383,91251.51718594723,0.014519773073071793,3.932372581312708e-15,3.9323725813127077e-13,0.00043968611998375585,49997169.195623,0.9999433839124601,13.18314770490613,1.1482044200616655e-10
2130.0,788.9437813826415,0.0,291.2955968342383,91251.51718594723,0.014519773073071793,3.932372581312708e-15,3.9323725813127077e-13,0.00043968611998385993,49997169.195623,0.9999433839124601,13.183147704907167,1.1482044200616655e-10
2160.0,788.9437813826415,0.0,291.2955968342383,91251.51718594723,0.014519773073071793,3.932372581312708e-15,3.9323725813127077e-13,0.000439686119983964,49997169.195623,0.9999433839124601,13.18314770490821,1.1482044200616655e-10
2190.0,788.9437813826415,0.0,291.2955968342383,91251.51718594723,0.014519773073071793,3.932372581312708e-15,3.9323725813127077e-13,0.0004396861199840681,49997169.195623,0.9999433839124601,13.18314770490925,1.1482044200616655e-10
2220.0,788.9437813826415,0.0,291.2955968342383,91251.51718594723,0.014519773073071793,3.932372581312708e-15,3.9323725813127077e-13,0.0004396861199841722,49997169.195623,0.9999433839124601,13.18314770491029,1.1482044200616655e-10
2250.0,788.9437813826415,0.0,291.2955968342383,91251.51718594723,0.014519773073071793,3.932372581312708e-15,3.9323725813127077e-13,0.00043968611998427626,49997169.195623,0.9999433839124601,13.18314770491133,1.1482044200616655e-10
2280.0,788.9437813826415,0.0,291.2955968342383,91251.51718594723,0.014519773073071793,3.932372581312708e-15,3.9323725813127077e-13,0.00043968611998438035,49997169.195623,0.9999433839124601,13.18314770491237,1.1482044200616655e-10
2310.0,788.9437813826415,0.0,291.2955968342383,91251.51718594723,0.014519773073071793,3.932372581312708e-15,3.9323725813127077e-13,0.00043968611998448443,49997169.195623,0.9999433839124601,13.18314770491341,1.1482044200616655e-10
2340.0,788.9437813826415,0.0,291.2955968342383,91251.51718594723,0.014519773073071793,3.932372581312708e-15,3.9323725813127077e-13,0.0004396861199845885,49997169.195623,0.9999433839124601,13.18314770491445,1.1482044200616655e-10
2370.0,788.9437813826415,0.0,291.2955968342383,91251.51718594723,0.014519773073071793,3.932372581312708e-15,3.9323725813127077e-13,0.0004396861199846926,49997169.195623,0.9999433839124601,13.183147704915491,1.1482044200616655e-10
2400.0,788.9437813826415,0.0,291.2955968342383,91251.51718594723,0.014519773073071793,3.932372581312708e-15,3.9323725813127077e-13,0.0004396861199847967,49997169.195623,0.9999433839124601,13.18314770491653,1.1482044200616655e-10
2430.0,788.9437813826415,0.0,291.2955968342383,91251.51718594723,0.014519773073071793,3.932372581312708e-15,3.9323725813127077e-13,0.00043968611998490076,49997169.195623,0.9999433839124601,13.183147704917571,1.1482044200616655e-10
2460.0,788.9437813826415,0.0,291.2955968342383,91251.51718594723,0.014519773073071793,3.932372581312708e-15,3.9323725813127077e-13,0.00043968611998500485,49997169.195623,0.9999433839124601,13.18314770491861,1.1482044200616655e-10
2490.0,788.9437813826415,0.0,291.2955968342383,91251.51718594723,0.014519773073071793,3.932372581312708e-15,3.9323725813127077e-13,0.00043968611998510893,49997169.195623,0.9999433839124601,13.183147704919651,1.1482044200616655e-10
2520.0,788.9437813826415,0.0,291.2955968342383,91251.51718594723,0.014519773073071793,3.932372581312708e-15,3.9323725813127077e-13,0.000439686119985213,49997169.195623,0.9999433839124601,13.18314770492069,1.1482044200616655e-10
2550.0,788.9437813826415,0.0,291.2955968342383,91251.51718594723,0.014519773073071793,3.932372581312708e-15,3.9323725813127077e-13,0.0004396861199853171,49997169.195623,0.9999433839124601,13.183147704921732,1.1482044200616655e-10
2580.0,788.9437813826415,0.0,291.2955968342383,91251.51718594723,0.014519773073071793,3.932372581312708e-15,3.9323725813127077e-13,0.0004396861199854212,49997169.195623,0.9999433839124601,13.18314770492277,1.1482044200616655e-10
2610.0,788.9437813826415,0.0,291.2955968342383,91251.51718594723,0.014519773073071793,3.932372581312708e-15,3.9323725813127077e-13,0.00043968611998552526,49997169.195623,0.9999433839124601,13.183147704923812,1.1482044200616655e-10
2640.0,788.9437813826415,0.0,291.2955968342383,91251.51718594723,0.014519773073071793,3.932372581312708e-15,3.9323725813127077e-13,0.00043968611998562935,49997169.195623,0.9999433839124601,13.183147704924853,1.1482044200616655e-10
2670.0,788.9437813826415,0.0,291.2955968342383,91251.51718594723,0.014519773073071793,3.932372581312708e-15,3.9323725813127077e-13,0.00043968611998573343,49997169.195623,0.9999433839124601,13.183147704925892,1.1482044200616655e-10
2700.0,788.9437813826415,0.0,291.2955968342383,91251.51718594723,0.014519773073071793,3.932372581312708e-15,3.9323725813127077e-13,0.0004396861199858375,49997169.195623,0.9999433839124601,13.183147704926935,1.1482044200616655e-10
2730.0,788.9437813826415,0.0,291.2955968342383,91251.51718594723,0.014519773073071793,3.932372581312708e-15,3.9323725813127077e-13,0.0004396861199859416,49997169.195623,0.9999433839124601,13.183147704927972,1.1482044200616655e-10
2760.0,788.9437813826415,0.0,291.2955968342383,91251.51718594723,0.014519773073071793,3.932372581312708e-15,3.9323725813127077e-13,0.0004396861199860457,49997169.195623,0.9999433839124601,13.183147704929015,1.1482044200616655e-10
2790.0,788.9437813826415,0.0,291.2955968342383,91251.51718594723,0.014519773073071793,3.932372581312708e-15,3.9323725813127077e-13,0.00043968611998614976,49997169.195623,0.9999433839124601,13.183147704930052,1.1482044200616655e-10
2820.0,788.9437813826415,0.0,291.2955968342383,91251.51718594723,0.014519773073071793,3.932372581312708e-15,3.9323725813127077e-13,0.00043968611998625385,49997169.195623,0.9999433839124601,13.183147704931095,1.1482044200616655e-10
2850.0,788.9437813826415,0.0,291.2955968342383,91251.51718594723,0.014519773073071793,3.932372581312708e-15,3.9323725813127077e-13,0.00043968611998635793,49997169.195623,0.9999433839124601,13.183147704932132,1.1482044200616655e-10
2880.0,788.9437813826415,0.0,291.2955968342383,91251.51718594723,0.014519773073071793,3.932372581312708e-15,3.9323725813127077e-13,0.000439686119986462,49997169.195623,0.9999433839124601,13.183147704933175,1.1482044200616655e-10
2910.0,788.9437813826415,0.0,291.2955968342383,91251.51718594723,0.014519773073071793,3.932372581312708e-15,3.9323725813127077e-13,0.0004396861199865661,49997169.195623,0.9999433839124601,13.183147704934216,1.1482044200616655e-10
2940.0,788.9437813826415,0.0,291.2955968342383,91251.51718594723,0.014519773073071793,3.932372581312708e-15,3.9323725813127077e-13,0.0004396861199866702,49997169.195623,0.9999433839124601,13.183147704935255,1.1482044200616655e-10
2970.0,788.9437813826415,0.0,291.2955968342383,91251.51718594723,0.014519773073071793,3.932372581312708e-15,3.9323725813127077e-13,0.00043968611998677426,49997169.195623,0.9999433839124601,13.183147704936296,1.1482044200616655e-10
3000.0,788.9437813826415,0.0,291.2955968342383,91251.51718594723,0.014519773073071793,3.932372581312708e-15,3.9323725813127077e-13,0.00043968611998687835,49997169.195623,0.9999433839124601,13.183147704937335,1.1482044200616655e-10
3030.0,788.9437813826415,0.0,291.2955968342383,91251.51718594723,0.014519773073071793,3.932372581312708e-15,3.9323725813127077e-13,0.00043968611998698243,49997169.195623,0.9999433839124601,13.183147704938376,1.1482044200616655e-10
3060.0,788.9437813826415,0.0,291.2955968342383,91251.51718594723,0.014519773073071793,3.932372581312708e-15,3.9323725813127077e-13,0.0004396861199870865,49997169.195623,0.9999433839124601,13.183147704939415,1.1482044200616655e-10
3090.0,788.9437813826415,0.0,291.2955968342383,91251.51718594723,0.014519773073071793,3.932372581312708e-15,3.9323725813127077e-13,0.0004396861199871906,49997169.195623,0.9999433839124601,13.183147704940456,1.1482044200616655e-10
3120.0,788.9437813826415,0.0,291.2955968342383,91251.51718594723,0.014519773073071793,3.932372581312708e-15,3.9323725813127077e-13,0.0004396861199872947,49997169.195623,0.9999433839124601,13.183147704941495,1.1482044200616655e-10
3150.0,788.9437813826415,0.0,291.2955968342383,91251.51718594723,0.014519773073071793,3.932372581312708e-15,3.9323725813127077e-13,0.00043968611998739877,49997169.195623,0.9999433839124601,13.183147704942536,1.1482044200616655e-10
3180.0,788.9437813826415,0.0,291.2955968342383,91251.51718594723,0.014519773073071793,3.932372581312708e-15,3.9323725813127077e-13,0.00043968611998750285,49997169.195623,0.9999433839124601,13.183147704943577,1.1482044200616655e-10
3210.0,788.9437813826415,0.0,291.2955968342383,91251.51718594723,0.014519773073071793,3.932372581312708e-15,3.9323725813127077e-13,0.00043968611998760693,49997169.195623,0.9999433839124601,13.183147704944616,1.1482044200616655e-10
3240.0,788.9437813826415,0.0,291.2955968342383,91251.51718594723,0.014519773073071793,3.932372581312708e-15,3.9323725813127077e-13,0.000439686119987711,49997169.195623,0.9999433839124601,13.183147704945657,1.1482044200616655e-10
3270.0,788.9437813826415,0.0,291.2955968342383,91251.51718594723,0.014519773073071793,3.932372581312708e-15,3.9323725813127077e-13,0.0004396861199878151,49997169.195623,0.9999433839124601,13.183147704946698,1.1482044200616655e-10
3300.0,788.9437813826415,0.0,291.2955968342383,91251.51718594723,0.014519773073071793,3.932372581312708e-15,3.9323725813127077e-13,0.0004396861199879192,49997169.195623,0.9999433839124601,13.183147704947737,1.1482044200616655e-10
3330.0,788.9437813826415,0.0,291.2955968342383,91251.51718594723,0.014519773073071793,3.932372581312708e-15,3.9323725813127077e-13,0.00043968611998802327,49997169.195623,0.9999433839124601,13.183147704948778,1.1482044200616655e-10
3360.0,788.9437813826415,0.0,291.2955968342383,91251.51718594723,0.014519773073071793,3.932372581312708e-15,3.9323725813127077e-13,0.00043968611998812735,49997169.195623,0.9999433839124601,13.183147704949818,1.1482044200616655e-10
3390.0,788.9437813826415,0.0,291.2955968342383,91251.51718594723,0.014519773073071793,3.932372581312708e-15,3.9323725813127077e-13,0.00043968611998823143,49997169.195623,0.9999433839124601,13.183147704950859,1.1482044200616655e-10
3420.0,788.9437813826415,0.0,291.2955968342383,91251.51718594723,0.014519773073071793,3.932372581312708e-15,3.9323725813127077e-13,0.0004396861199883355,49997169.195623,0.9999433839124601,13.1831477049519,1.1482044200616655e-10
3450.0,788.9437813826415,0.0,291.2955968342383,91251.51718594723,0.014519773073071793,3.932372581312708e-15,3.9323725813127077e-13,0.0004396861199884396,49997169.195623,0.9999433839124601,13.183147704952939,1.1482044200616655e-10
3480.0,788.9437813826415,0.0,291.2955968342383,91251.51718594723,0.014519773073071793,3.932372581312708e-15,3.9323725813127077e-13,0.0004396861199885437,49997169.195623,0.9999433839124601,13.18314770495398,1.1482044200616655e-10
3510.0,788.9437813826415,0.0,291.2955968342383,91251.51718594723,0.014519773073071793,3.932372581312708e-15,3.9323725813127077e-13,0.00043968611998864777,49997169.195623,0.9999433839124601,13.18314770495502,1.1482044200616655e-10
3540.0,788.9437813826415,0.0,291.2955968342383,91251.51718594723,0.014519773073071793,3.932372581312708e-15,3.9323725813127077e-13,0.00043968611998875185,49997169.195623,0.9999433839124601,13.18314770495606,1.1482044200616655e-10
3570.0,788.9437813826415,0.0,291.2955968342383,91251.51718594723,0.014519773073071793,3.932372581312708e-15,3.9323725813127077e-13,0.00043968611998885593,49997169.195623,0.9999433839124601,13.1831477049571,1.1482044200616655e-10
3600.0,788.9437813826415,0.0,291.2955968342383,91251.51718594723,0.014519773073071793,3.932372581312708e-15,3.9323725813127077e-13,0.00043968611998896,49997169.195623,0.9999433839124601,13.18314770495814,1.1482044200616655e-10
