activation_scheme,w_m_s,aerosol_N_m3,dt_s,saturation_time_s,activation_time_s,activation_1pct_time_s,activation_1pct_delay_s,activation_50pct_time_s,activation_50pct_delay_s,activation_90pct_time_s,activation_90pct_delay_s,S_at_1pct_activation,S_at_50pct_activation,S_at_90pct_activation,SSmax,SSmax_percent,activated_fraction,fraction_at_SSmax,Nc_final,qc_final,mean_radius_um,ARG_Sm_percent,ARG_Smax_prediction_percent,ARG_fraction_prediction,water_error
simple_kappa,0.2,10000000.0,0.25,470.75,492.25,492.5,21.75,503.25,32.5,514.0,43.25,0.0023572659478716613,0.003468773907484002,0.004392756057690665,0.005597628659751857,0.5597628659751857,1.0,1.0,10000000.0,0.0011337527939089527,30.319360635050938,0.14864878645764099,0.5577688524562355,0.9956040827269725,2.6020852139652106e-17
simple_kappa,0.2,50000000.0,0.25,470.75,492.25,492.5,21.75,506.25,35.5,,,0.0023567735364182518,0.003467322437398717,,0.0036825813282994357,0.3682581328299436,0.59516659839117,0.5951428449788723,29758329.919558503,0.001135704394329879,21.091005082540978,0.14864878645764099,0.30716447160008764,0.924790377136305,-5.551115123125783e-17
simple_kappa,0.2,100000000.0,0.25,470.75,492.25,492.5,21.75,,,,,0.0023561580365932485,,,0.0032509177780290156,0.32509177780290155,0.4082645318828899,0.4081862772159429,40826453.188288994,0.0011360509367389,18.9829344876486,0.14864878645764099,0.23896042403170362,0.8265363662328894,0.0
simple_kappa,0.2,200000000.0,0.25,470.75,492.25,492.5,21.75,,,,,0.0023549270852478497,,,0.0029318325235057263,0.29318325235057263,0.27009320485464977,0.2699654718864375,54018640.97092996,0.00113630228211729,17.292631521265665,0.14864878645764099,0.1857258976989723,0.670471778643171,-1.249000902703301e-16
simple_kappa,0.5,10000000.0,0.25,188.25,197.0,197.0,8.75,201.25,13.0,205.0,16.75,0.002357350406573198,0.0034863230143259067,0.004441395162636075,0.010400677125225877,1.0400677125225877,1.0,1.0,10000000.0,0.0028729827848682147,39.884241278903154,0.14864859347237996,0.9315533389244788,0.9998617061047576,0.0
simple_kappa,0.5,50000000.0,0.25,188.25,197.0,197.0,8.75,201.5,13.25,206.5,18.25,0.002357350406573198,0.003476343727103291,0.004413959430509716,0.005068287560017736,0.5068287560017736,1.0,1.0,50000000.0,0.002879408951338471,23.340331967313666,0.14864859347237996,0.5066867660927039,0.9924450815504157,1.1275702593849246e-16
simple_kappa,0.5,100000000.0,0.25,188.25,197.0,197.0,8.75,202.0,13.75,,,0.002357350406573198,0.003486637521537368,,0.004190997484473658,0.41909974844736586,0.8152561521200424,0.815167551345134,81525615.21200424,0.002880360702943531,19.83243054737907,0.14864859347237996,0.38976380991069537,0.9719286600766943,3.469446951953614e-18
simple_kappa,0.5,200000000.0,0.25,188.25,197.0,197.0,8.75,203.5,15.25,,,0.002357350406573198,0.003476663661838872,,0.003608326878048419,0.3608326878048419,0.5629989109327734,0.5626133233025092,112599782.18655469,0.0028808379570599766,17.80942863569621,0.14864859347237996,0.29969598688572996,0.917626872920102,3.9898639947466563e-17
simple_kappa,1.0,10000000.0,0.25,94.25,98.5,98.5,4.25,100.75,6.5,102.5,8.25,0.0023572859935489677,0.003560378627250708,0.004481345764753137,0.01733967073833068,1.733967073833068,1.0,1.0,10000000.0,0.0028635357836450403,39.84435505124279,0.14864955840294553,1.37574036514576,0.9999948026349905,-3.9898639947466563e-17
simple_kappa,1.0,50000000.0,0.25,94.25,98.5,98.5,4.25,100.75,6.5,102.75,8.5,0.0023572859935489677,0.003516880353639751,0.004458519658102926,0.00789183798994676,0.7891837989946761,1.0,1.0,50000000.0,0.002876416698171228,23.333021814428253,0.14864955840294553,0.7460994072704019,0.9993043132610786,1.734723475976807e-17
simple_kappa,1.0,100000000.0,0.25,94.25,98.5,98.5,4.25,100.75,6.5,103.25,9.0,0.0023572859935489677,0.0034662688336443317,0.004465902905602829,0.00574273339604307,0.5742733396043069,1.0,1.0,100000000.0,0.002879085702778685,18.52462265660089,0.14864955840294553,0.5717880282156528,0.9961985987766677,-2.42861286636753e-17
simple_kappa,1.0,200000000.0,0.25,94.25,98.5,98.5,4.25,101.0,6.75,105.0,10.75,0.0023572859935489677,0.0034725321759094107,0.004396767143335202,0.004461455793932694,0.44614557939326943,0.9322974333553793,0.9322352257164624,186459486.67107585,0.002880337193242897,15.052649888995372,0.14864955840294553,0.43719410580072826,0.9837190400385543,-2.949029909160572e-17
simple_kappa,2.0,10000000.0,0.25,47.25,49.25,49.25,2.0,50.5,3.25,51.25,4.0,0.0023571571641734243,0.0036981095212263,0.004497482683630754,0.029248455207098595,2.9248455207098596,1.0,1.0,10000000.0,0.0028445436647774568,39.763826537488995,0.14865148829539546,2.0329257369292217,0.9999998905060159,3.469446951953614e-18
simple_kappa,2.0,50000000.0,0.25,47.25,49.25,49.25,2.0,50.5,3.25,51.25,4.0,0.0023571571641734243,0.003664985591346235,0.004421467321944266,0.01305037760589107,1.305037760589107,1.0,1.0,50000000.0,0.0028704217395017864,23.318355776169803,0.14865148829539546,1.102162787449248,0.9999639838014085,1.734723475976807e-18
simple_kappa,2.0,100000000.0,0.25,47.25,49.25,49.25,2.0,50.5,3.25,51.5,4.25,0.0023571571641734243,0.00362548372138327,0.00455733758134121,0.009251372244823567,0.9251372244823567,1.0,1.0,100000000.0,0.002875768763828119,18.51820539558854,0.14865148829539546,0.8437486607986707,0.999709256489405,2.42861286636753e-17
simple_kappa,2.0,200000000.0,0.25,47.25,49.25,49.25,2.0,50.5,3.25,51.75,4.5,0.0023571571641734243,0.00355231933525099,0.0045427946511278575,0.0065831017729965635,0.6583101772996564,1.0,1.0,200000000.0,0.0028784263438663797,14.702126628323695,0.14865148829539546,0.6436751656820556,0.998156886390039,1.9081958235744878e-17
simple_kappa,3.0,10000000.0,0.25,31.5,33.0,33.0,1.5,33.75,2.25,34.25,2.75,0.0026267497979351384,0.0038338822597992397,0.004635851603791302,0.03984849801817755,3.9848498018177554,1.0,1.0,10000000.0,0.002825417124638741,39.68226258338091,0.14865148829539546,2.5547958224968177,0.9999999912562809,-6.938893903907228e-18
simple_kappa,3.0,50000000.0,0.25,31.5,33.0,33.0,1.5,33.75,2.25,34.25,2.75,0.0026267497979351384,0.0038038555524185134,0.004571921418011993,0.01768233620601667,1.7682336206016669,1.0,1.0,50000000.0,0.0028644127325289123,23.303628288779628,0.14865148829539546,1.3856576171000865,0.9999951330354495,8.673617379884035e-18
simple_kappa,3.0,100000000.0,0.25,31.5,33.0,33.0,1.5,33.75,2.25,34.25,2.75,0.0026267497979351384,0.0037676479624327726,0.004496406475320445,0.012478597967131326,1.2478597967131326,1.0,1.0,100000000.0,0.0028724468964038577,18.511771931622004,0.14865148829539546,1.0608436481726113,0.9999506496537218,-1.3877787807814457e-17
simple_kappa,3.0,200000000.0,0.25,31.5,33.0,33.0,1.5,33.75,2.25,34.5,3.0,0.0026267497979351384,0.003699427279141747,0.004666216428691102,0.008792484692892226,0.8792484692892226,1.0,1.0,200000000.0,0.0028764378527580945,14.69914109789055,0.14865148829539546,0.8091204349401242,0.9996061396325017,5.204170427930421e-18
ARG1998,0.2,10000000.0,0.25,470.75,471.0,475.0,4.25,484.75,14.0,498.5,27.75,0.000471583793417525,0.001506937985980395,0.002849218951530943,0.005223085553599268,0.5223085553599268,0.993586012779835,0.9935857426995991,9935860.12779835,0.0011337366308001046,30.384319072341107,0.14864878645764099,0.5577688524562355,0.9956040827269725,1.734723475976807e-17
ARG1998,0.2,50000000.0,0.25,470.75,471.0,475.0,4.25,485.25,14.5,,,0.00047118601177111307,0.001497593294298047,,0.0025836005303894313,0.2583600530389431,0.8631451620590641,0.8631234590923925,43157258.1029532,0.0011361046414616264,18.635143283502664,0.14864878645764099,0.30716447160008764,0.924790377136305,-8.673617379884035e-18
ARG1998,0.2,100000000.0,0.25,470.75,471.0,475.0,4.25,486.0,15.25,,,0.00047069252184785067,0.0014874768886524072,,0.002001843187194678,0.2001843187194678,0.7221492164262296,0.7221179876020059,72214921.64262296,0.0011365177819810635,15.69858588182999,0.14864878645764099,0.23896042403170362,0.8265363662328894,6.418476861114186e-17
ARG1998,0.2,200000000.0,0.25,470.75,471.0,475.0,4.25,489.0,18.25,,,0.000469717784306063,0.0014942203376999514,,0.0015926471877244937,0.15926471877244938,0.5541929885375491,0.5541336961706134,110838597.70750982,0.0011367683701036162,13.610397334622494,0.14864878645764099,0.1857258976989723,0.670471778643171,-1.734723475976807e-17
ARG1998,0.5,10000000.0,0.25,188.25,188.5,190.0,1.75,194.0,5.75,199.0,10.75,0.0004715900044181266,0.0015398688883413072,0.0028485131640327874,0.010230915452799142,1.0230915452799143,0.999933069726027,0.9999330646547366,9999330.69726027,0.0028729826039787976,39.88513070680196,0.14864859347237996,0.9315533389244788,0.9998617061047576,3.2959746043559335e-17
ARG1998,0.5,50000000.0,0.25,188.25,188.5,190.0,1.75,194.0,5.75,200.0,11.75,0.0004713644802189947,0.0015062416638249299,0.002877916227923663,0.004623797190424276,0.4623797190424276,0.9876859546040966,0.9876823693952895,49384297.73020483,0.0028793924812671227,23.436887039666487,0.14864859347237996,0.5066867660927039,0.9924450815504157,-3.469446951953614e-18
ARG1998,0.5,100000000.0,0.25,188.25,188.5,190.0,1.75,194.25,6.0,201.5,13.25,0.00047108324432433834,0.0015253323356667953,0.0028466308170732465,0.003342933989954681,0.3342933989954681,0.9457365390405765,0.9457049981902841,94573653.90405765,0.0028806948009755047,18.875510813468185,0.14864859347237996,0.38976380991069537,0.9719286600766943,-1.734723475976807e-17
ARG1998,0.5,200000000.0,0.25,188.25,188.5,190.0,1.75,194.5,6.25,,,0.0004705229963399013,0.0014995243876954353,,0.0024714104487135753,0.24714104487135752,0.8429332128905466,0.8428795167377346,168586642.57810932,0.0028813101942460747,15.568367215301794,0.14864859347237996,0.29969598688572996,0.917626872920102,3.469446951953614e-17
ARG1998,1.0,10000000.0,0.25,94.25,94.25,95.0,0.75,97.0,2.75,99.5,5.25,0.0004715659838628535,0.0015421164161499644,0.0028709485122598026,0.01723921461016536,1.7239214610165359,0.9999993863303004,0.9999993863303004,9999993.863303004,0.002863535860722666,39.844363949781304,0.14864955840294553,1.37574036514576,0.9999948026349905,-2.0816681711721685e-17
ARG1998,1.0,50000000.0,0.25,94.25,94.25,95.0,0.75,97.0,2.75,99.75,5.5,0.0004714920821096474,0.0015169514706485927,0.002893567221011024,0.007660090660625359,0.7660090660625358,0.9994159311120429,0.9994159311120429,49970796.55560214,0.0028764152240712618,23.337562600314435,0.14864955840294553,0.7460994072704019,0.9993043132610786,-1.0408340855860843e-17
ARG1998,1.0,100000000.0,0.25,94.25,94.25,95.0,0.75,97.0,2.75,100.0,5.75,0.00047139971224280315,0.001487328794570846,0.0028756906829924505,0.005398658786813111,0.5398658786813111,0.9946742006492402,0.9946710489152039,99467420.06492402,0.002879076818001043,18.55760748229673,0.14864955840294553,0.5717880282156528,0.9961985987766677,1.734723475976807e-17
ARG1998,1.0,200000000.0,0.25,94.25,94.25,95.0,0.75,97.25,3.0,100.75,6.5,0.0004712149969193555,0.001543742921656245,0.0028796538212622876,0.0038145660829712147,0.38145660829712147,0.9689913588577113,0.9689709090897497,193798271.77154225,0.0028803794532845854,14.860265919827553,0.14864955840294553,0.43719410580072826,0.9837190400385543,5.204170427930421e-18
ARG1998,2.0,10000000.0,0.25,47.25,47.25,47.5,0.25,48.5,1.25,49.75,2.5,0.0004714600219478936,0.001543713735388675,0.002880294415274448,0.02918708599544268,2.918708599544268,0.9999999980837263,0.9999999980837263,9999999.980837263,0.002844543748680263,39.763827352662844,0.14865148829539546,2.0329257369292217,0.9999998905060159,-6.938893903907228e-18
ARG1998,2.0,50000000.0,0.25,47.25,47.25,47.5,0.25,48.5,1.25,50.0,2.75,0.0004714582808778955,0.001524988665390026,0.003073126935794443,0.012915807191596244,1.2915807191596245,0.9999906647842776,0.999990660252689,49999533.23921388,0.002870421774146304,23.318428669297752,0.14865148829539546,1.102162787449248,0.9999639838014085,-5.724587470723463e-17
ARG1998,2.0,100000000.0,0.25,47.25,47.25,47.5,0.25,48.5,1.25,50.0,2.75,0.00047145610453620986,0.0015024712359164992,0.002984385207878321,0.009062409433312223,0.9062409433312223,0.9998276920766622,0.9998274897878875,99982769.20766622,0.0028757682704084286,18.51926828097673,0.14865148829539546,0.8437486607986707,0.999709256489405,-6.938893903907228e-18
ARG1998,2.0,200000000.0,0.25,47.25,47.25,47.5,0.25,48.75,1.5,50.25,3.0,0.0004714517518603525,0.0016897214496766455,0.003038109878604305,0.006316676895697989,0.6316676895697989,0.9979135172349574,0.997912860784715,199582703.44699147,0.0028784220144607606,14.712359029022464,0.14865148829539546,0.6436751656820556,0.998156886390039,-1.734723475976807e-18
ARG1998,3.0,10000000.0,0.25,31.5,31.5,31.75,0.25,32.5,1.0,33.25,1.75,0.0006058915435720691,0.0018121152063341908,0.003017177257086375,0.03980229251153023,3.9802292511530233,0.999999999960659,0.9999999999606538,9999999.99960659,0.0028254172093340117,39.68226338166028,0.14865148829539546,2.5547958224968177,0.9999999912562809,8.673617379884035e-18
ARG1998,3.0,50000000.0,0.25,31.5,31.5,31.75,0.25,32.5,1.0,33.25,1.75,0.0006058898110642657,0.0017896078600439507,0.002960979978159998,0.01758250989937235,1.7582509899372352,0.9999994961272316,0.9999994960440682,49999974.80636158,0.0028644128138507765,23.30363266150479,0.14865148829539546,1.3856576171000865,0.9999951330354495,6.938893903907228e-18
ARG1998,3.0,100000000.0,0.25,31.5,31.5,31.75,0.25,32.5,1.0,33.25,1.75,0.0006058876454321317,0.0017623319627333507,0.0028930820537898076,0.012340354968418257,1.2340354968418257,0.999986056423767,0.9999860225712158,99998605.6423767,0.002872446912300301,18.511858200448383,0.14865148829539546,1.0608436481726113,0.9999506496537218,6.938893903907228e-18
ARG1998,3.0,200000000.0,0.25,31.5,31.5,31.75,0.25,32.5,1.0,33.5,2.0,0.0006058833141657081,0.0017105922599437817,0.0031161186440416618,0.008603592837500621,0.8603592837500621,0.9997458956174794,0.9997443738530365,199949179.12349588,0.002876437133813859,14.70038530097989,0.14865148829539546,0.8091204349401242,0.9996061396325017,-1.734723475976807e-17
